id,domain,status,purchase_price,renewal_price,attractiveness,demand,length,registrar,created_at,expires_at,status_verified_at
9875d8d7-22c0-4f0b-8222-928df63e756d,reading.consulting,available,26.99,,high,low,7,name.com,,,
c0e554e2-f302-4523-bc40-4edfc4430e2c,braless.consulting,available,8.48,67.98,low,low,7,namecheap,,,08/08/2026 18:29
7f18c925-e412-4236-af76-8c182e7b49ca,denial.consulting,available,26.99,,high,low,6,name.com,,,
9842a4a8-f252-4e38-bf8b-9ec20e0fd9f7,hangout.consulting,available,26.99,,high,low,8,name.com,,,
a51f74a1-7d0c-4b00-90c6-70bf91986f1f,briefly.consulting,available,26.99,,high,low,7,name.com,,,
63062978-246f-4e44-a496-fc4beba90f38,hairbrush.consulting,available,26.99,,high,low,10,name.com,,,
9b20ce2f-1e65-40be-8df9-e82b97b4900d,monitor.consulting,available,,,high,low,7,,,,
9f4cffd1-aa5a-4451-a283-1043d912b5fd,score.consulting,available,26.99,,high,low,5,name.com,,,
d9ad0514-45aa-4303-a9ff-7206e4fcb3f6,cons.consulting,available,26.99,,high,low,4,name.com,,,
40ec596d-5992-4f13-97cb-bb4b58c03c7b,quarters.consulting,available,26.99,,high,low,8,name.com,,,
f8263b5e-3c57-447a-a24b-895702ea06a0,tails.consulting,available,26.99,,high,low,5,name.com,,,
9f884ddc-3a9a-4b40-8182-4d62e61f7afa,instruct.consulting,available,26.99,,high,low,8,name.com,,,
c6f44bf0-4b66-4bca-811f-3de7b4e43210,analytical.consulting,premium,130,260,high,low,10,namecheap,,,
7c073ab2-184f-48a7-97b2-10ebeb056191,warfare.consulting,available,26.99,,high,low,7,name.com,,,
6053c88b-fb92-4490-913e-321504554224,stereotype.consulting,available,26.99,,high,low,10,name.com,,,
5fcf1afa-8789-4382-a6d0-4fbba6df9eb9,relatively.consulting,available,26.99,,high,low,10,name.com,,,
b05b0181-24b2-4aa0-b8d0-9f90378c253a,against.consulting,available,26.99,,medium,low,7,name.com,,,
d57dafb4-76ff-45df-9235-a0e4b5f1d720,wastebasket.consulting,available,26.99,,high,low,11,name.com,,,
9bd31ab7-7d9c-4fe2-8ce8-a44277e16d6b,aurorean.consulting,available,8.48,67.98,medium,low,8,namecheap,,,07/08/2026 18:12
1061ebf4-fcbe-43da-abb2-afd969a2adeb,olympics.consulting,available,26.99,,high,low,8,name.com,,,
5c1061a7-7293-4dcd-83c5-5bb9206e8d8e,buyer.consulting,available,26.99,,high,low,5,name.com,,,
63b661d2-b625-4003-b530-f74343316d44,disgust.consulting,available,26.99,,high,low,7,name.com,,,
15329f31-3109-4933-9c20-4625ca21b52f,lag.consulting,premium,69.3,138.6,high,low,3,namecheap,,,
8f20b757-efb6-48b7-a58f-4d1842487b13,legs.consulting,available,26.99,,high,low,4,name.com,,,
ca7a8d51-5611-4a1e-ab70-a5cc1efeae53,bloodstream.consulting,available,26.99,,high,low,11,name.com,,,
77ada32e-a2b0-48e8-9c50-2d8c1ae7f391,hardworking.consulting,available,26.99,,high,low,11,name.com,,,
f0985a6b-a33a-4dfb-b06e-78f21ba089fc,steam.consulting,resell,,,high,medium,5,"GoDaddy.com, LLC",03/08/2021 13:16,03/08/2027 13:16,
de175cb8-0d19-4a00-ae0b-5d08f8eeda10,baby.consulting,premium,280,560,high,low,4,namecheap,,,
77722c61-15c2-4b60-8c96-546a50c00b0b,baseball.consulting,premium,140,280,high,low,8,namecheap,,,
1c88e00f-4278-49a2-9c39-6b16ec87be34,agnatic.consulting,available,8.48,67.98,medium,low,7,namecheap,,,
244b8388-d091-43f5-b9ec-bfa5d79cb7ac,gramme.consulting,available,26.99,,high,low,6,name.com,,,
177e777a-b8f1-4a57-a25d-2c6ec110579d,mum.consulting,premium,46.2,92.4,high,low,3,namecheap,,,
e7516f62-4bb2-4bc3-9a18-b61eb7ca7cbd,credit.consulting,premium,560,1120,high,low,6,namecheap,,,
8ead4d6c-9c1e-4a28-baa4-4b6edad3b702,liquor.consulting,available,26.99,,high,low,6,name.com,,,
79e34421-e168-49c7-a497-2e24d1e1fdf6,banded.consulting,available,8.48,67.98,medium,low,6,namecheap,,,08/08/2026 11:40
cff22d0f-6bea-490e-ba6c-1cf262a55d12,adenoid.consulting,available,8.48,67.98,medium,low,7,namecheap,,,
2985b354-eae2-4dd8-a543-a3483a1d44a6,again.consulting,available,26.99,,high,low,5,name.com,,,
25d15770-a025-4737-9bce-629a72ce6412,condom.consulting,available,26.99,,high,low,6,name.com,,,
cf1b2dca-7c61-405a-ba5f-640f3e28ba11,hurry.consulting,available,26.99,,high,low,5,name.com,,,
a3da0240-a262-44a4-8b9f-893923476e49,windsor.consulting,premium,46.2,92.4,high,low,7,namecheap,,,
8fe37049-4faa-4575-b013-4e219b081cdd,condition.consulting,available,26.99,,high,low,9,name.com,,,
f7bbed8c-2f69-4ea0-9562-60491d1f6865,extension.consulting,available,26.99,,high,low,9,name.com,,,
b79e1180-86d6-4773-842f-e19b079e2f61,trey.consulting,available,8.48,67.98,high,low,4,namecheap,,,
84437707-2972-48f7-8382-184a9c6e3a75,eased.consulting,available,8.48,67.98,high,low,5,namecheap,,,
7991e891-cbbc-40a8-b1ff-02800301a9ec,wore.consulting,available,26.99,,medium,low,4,name.com,,,
001907a7-58bf-49e8-b1c2-beb78754bfce,whoreson.consulting,available,8.48,67.98,low,low,8,namecheap,,,08/08/2026 23:43
eb1326a6-6f85-48d6-a167-e3da5f9ded8f,vie.consulting,premium,23.1,46.2,high,low,3,namecheap,,,
a544e911-b909-4638-802c-888a36a2531c,restriction.consulting,available,26.99,,high,low,11,name.com,,,
bf807c35-70bc-416d-8bdc-c2a4e404a626,france.consulting,available,,,high,low,6,,,,
d6d3780c-3d0f-441d-9f28-ce1cc68d43f0,confess.consulting,available,26.99,,high,low,7,name.com,,,
54130588-d8d0-404c-b0eb-c9d119805813,modem.consulting,available,26.99,,high,low,5,name.com,,,
86b223fd-3fdb-4014-8e5e-ba2d19c26ec9,surprising.consulting,available,26.99,,high,low,10,name.com,,,
675ee3c6-402c-40dc-b069-d9c01716bd3b,playacting.consulting,available,8.48,67.98,medium,low,10,namecheap,,,
f7c695e2-15a0-4cfe-ac61-e18902171def,candidacy.consulting,available,26.99,,high,low,9,name.com,,,
4e859c20-ee2b-4a2b-956e-a873444ccc3d,confide.consulting,available,26.99,,high,low,7,name.com,,,
76438073-0296-49cf-a715-872267aaffe8,xliv.consulting,available,8.48,67.98,medium,low,4,namecheap,,,
fde15e67-ce8e-40da-9899-3771a0ae0230,hiding.consulting,available,8.48,67.98,high,low,6,namecheap,,,08/09/2026 11:45
596e7db8-a23c-4b27-b409-82bdc4e4d32a,executing.consulting,available,26.99,,high,low,9,name.com,,,
7fde2a3f-c9fe-4fe7-9e08-bd290e09a982,yur.consulting,premium,46.2,92.4,high,low,3,namecheap,,,
75c7afcf-c433-4b4a-a5dc-4105415c4c0d,sevenup.consulting,available,26.99,,high,low,8,name.com,,,
cf207d0b-9428-4c8c-8bd2-ff9422e613f7,adorables.consulting,available,26.99,,high,low,9,name.com,,,
61f06250-fa86-4054-8fe4-71a01b302ba8,trip.consulting,premium,130,260,high,low,4,namecheap,,,08/09/2026 04:57
16dee432-9247-4bef-b77b-6c5050824f65,auld.consulting,available,8.48,67.98,medium,low,4,namecheap,,,07/08/2026 17:21
99b32956-4c55-41dc-ab69-7d194e9aa140,deposit.consulting,available,26.99,,high,low,7,name.com,,,
a5ce2365-2556-4d67-837d-c3cafdbb52bc,guard.consulting,available,26.99,,high,low,5,name.com,,,
26a7d60e-3e12-47a2-a0a8-89d62f930dd6,clicking.consulting,available,26.99,,high,low,8,name.com,,,
e57b76ef-65cd-4a63-bd8f-26ea05329730,snake.consulting,available,26.99,,high,low,5,name.com,,,
c796b75b-f917-46d3-8ab0-f209577c964b,cappuccino.consulting,available,26.99,,high,low,10,name.com,,,
38218d5d-4550-481c-850b-def77bc9131f,alienable.consulting,available,8.48,67.98,medium,low,9,namecheap,,,
8f159f09-8053-448d-838a-78ba140a2af9,listen.consulting,available,26.99,,high,low,6,name.com,,,
ef6a911e-7f6b-4017-943a-8a73f3cf0ff2,adust.consulting,available,8.48,67.98,medium,low,5,namecheap,,,
b6518c7c-e808-4f1b-82ed-c8db387058be,quaternity.consulting,available,8.48,67.98,medium,low,10,namecheap,,,
acf8c59e-3c1d-4a15-83ce-827d6a7af513,agitating.consulting,available,8.48,67.98,medium,low,9,namecheap,,,
960495a8-a14f-47c9-8537-d506417e1cf3,neighboring.consulting,available,26.99,,high,low,11,name.com,,,
47142d9a-779a-47d5-94da-c1f60bd5e638,recording.consulting,available,26.99,,high,low,9,name.com,,,
7c1aa475-61d0-4a4c-b860-b80b32646169,worm.consulting,available,26.99,,high,low,4,name.com,,,
e3898522-5a78-47f1-ac17-58b213cede5e,monstrous.consulting,available,8.48,67.98,medium,low,9,namecheap,,,07/08/2026 14:47
79f3e4e7-ab7d-47a6-8109-ad022971c1d9,exactly.consulting,available,26.99,,high,low,7,name.com,,,
99587565-7e6e-4a61-9231-f7ef5f78cc2b,youre.consulting,available,26.99,,medium,low,5,name.com,,,
4558811f-b51d-4a4d-96ee-54e481b3e037,torturing.consulting,available,8.48,67.98,medium,low,9,namecheap,,,
998cb292-1435-480b-9048-7f486ac199d5,arachnoid.consulting,available,8.48,67.98,medium,low,9,namecheap,,,06/08/2026 11:41
74d091f3-4857-4bda-9d70-43069ac85b70,which.consulting,available,,,high,low,5,,,,
20e576b5-7f8f-4124-820d-ccd716b0c477,ataraxic.consulting,available,8.48,67.98,low,low,8,namecheap,,,07/08/2026 12:49
59a78c14-7681-45d4-8875-f8cf7bbbbc24,outback.consulting,available,26.99,,high,low,7,name.com,,,
a84b5085-a7df-429a-a8be-75fe191e4fe3,skilled.consulting,available,26.99,,high,low,7,name.com,,,
eea6fca8-d28d-4a32-bc54-3f04d795437a,aim.consulting,premium,280,560,high,low,3,namecheap,,,
aaac13f5-3197-4369-966e-3801c944fe56,grotesque.consulting,available,8.48,67.98,medium,low,9,namecheap,,,
c48d8e1f-dc5c-429f-b919-f7414de6a297,broached.consulting,available,8.48,67.98,medium,low,8,namecheap,,,
bcb1c1f2-5509-4cce-be7b-69c9bc563969,vii.consulting,premium,42.9,85.8,high,low,3,namecheap,,,
ba722c15-525c-45b8-8924-04b5ba84dcc5,sixtieth.consulting,available,8.48,67.98,high,low,8,namecheap,,,
c70a6514-5eb7-4d1e-ac96-f34a98294e15,coverage.consulting,available,26.99,,high,low,8,name.com,,,
f54d38b7-0a4f-4fc0-af9c-4c28af58482b,virtually.consulting,resell,,,high,low,9,GoDaddy Online Services Cayman Islands Ltd.,11/03/2017 23:08,11/03/2027 23:08,
d719a4fb-8c85-410f-b8c0-2c56ab42697a,regulate.consulting,available,26.99,,high,low,8,name.com,,,
4b209001-93c8-464c-ae5a-b4910a0ec3ef,script.consulting,premium,130,260,high,low,6,namecheap,,,08/09/2026 13:57
77caa3b0-4ed2-4924-b541-f9ab6046e71b,addible.consulting,available,8.48,67.98,medium,low,7,namecheap,,,
7b37fc19-c34e-4d20-90b7-af6713bd9147,adrenal.consulting,available,8.48,67.98,high,low,7,namecheap,,,
5a69ced0-8884-41be-abcb-427533ca5259,naturally.consulting,available,26.99,,high,low,9,name.com,,,
adde3f1c-bbd4-4f7d-8f55-7dad20e3b3dc,care.consulting,premium,260,260,high,low,4,namecheap,,,
82407493-7eb3-46de-bf18-6350dad55bff,remember.consulting,available,26.99,,high,low,8,name.com,,,
177ca7d9-516a-439e-8e75-5c7e72048015,agronomic.consulting,available,8.48,67.98,high,low,9,namecheap,,,
01d28c88-7652-4b82-9711-9e37dcd9ca13,york.consulting,premium,69.3,138.6,high,low,4,namecheap,,,
88ff908e-5e51-4b7a-a13c-6927d0c69e8a,abstracted.consulting,available,8.48,67.98,medium,low,10,namecheap,,,
2810b500-020e-4d3a-a91f-5a25aac815d2,toxic.consulting,available,26.99,,high,low,5,name.com,,,
3e8fac6e-3d37-431c-888e-f34a1be647a5,minutes.consulting,available,26.99,,high,low,7,name.com,,,
edb93eb4-2771-4d53-9b5f-1bd644d1c8e2,ancestor.consulting,available,8.48,67.98,high,low,8,namecheap,,,
aa26f804-78ba-4386-b9b3-748c81177209,admiration.consulting,available,26.99,,high,low,10,name.com,,,
56aba53a-1735-4616-aab3-72bc79a65999,glittery.consulting,available,8.48,67.98,high,low,8,namecheap,,,
b65064c2-9a23-4936-9a77-ceca8036b5be,giddy.consulting,available,8.48,67.98,medium,low,5,namecheap,,,
95a7156d-2a0c-4489-9b07-9626af5a4447,retire.consulting,available,26.99,,high,low,6,name.com,,,
7bc87850-3722-4bc7-8b8b-4e6a78f7f512,abstinent.consulting,available,8.48,67.98,high,low,9,namecheap,,,
d7e8e88a-aa69-4fa7-a730-335c2b261d94,marketplace.consulting,premium,280,560,high,medium,11,namecheap,,,
2948f1a6-ad2f-430f-852e-749a7c1c5af8,initial.consulting,available,26.99,,high,low,7,name.com,,,
905a228e-cc52-43d0-9971-6d97becc7e25,masses.consulting,available,26.99,,high,low,6,name.com,,,
ec9b5f8e-82af-4980-9528-fdbcbac6dba2,sniff.consulting,available,26.99,,high,low,5,name.com,,,
5b6350ea-88e7-4146-9973-91ca2a66df83,whopping.consulting,available,8.48,67.98,high,low,8,namecheap,,,08/08/2026 13:14
0a22a801-3319-4500-b8e9-f7f02450ec0e,consistently.consulting,available,26.99,,high,low,12,name.com,,,
adb6b35c-6757-470b-b45e-d55a2ad89d08,autumnal.consulting,available,8.48,67.98,medium,low,8,namecheap,,,07/08/2026 21:23
f84f41b4-0913-4c05-9977-93bd77b82e69,wannabee.consulting,available,8.48,67.98,medium,low,8,namecheap,,,07/08/2026 05:22
b8032f3d-a069-4bd5-a991-3abe192cd690,baffling.consulting,available,8.48,67.98,medium,low,8,namecheap,,,08/08/2026 08:02
be9c2b54-ae4f-45cd-98d8-574a6fe7cbb6,determine.consulting,available,26.99,,high,low,9,name.com,,,
c34cde74-4a17-431b-9e27-489c6a2a1448,neighbor.consulting,available,26.99,,high,low,8,name.com,,,
d54f52d4-c05d-4781-897e-cba35bb6246b,shine.consulting,resell,,,high,low,5,"Sav.com, LLC - 41",29/04/2025 15:15,29/04/2027 15:15,
ab3dfb1b-818d-4fd9-af38-574c0eb29ddb,took.consulting,available,26.99,,medium,low,4,name.com,,,
44e0e97f-947d-48ce-96c9-ff4e57383f5a,antic.consulting,available,8.48,67.98,high,low,5,namecheap,,,
a8d84dea-64a0-48b4-b0ea-6854f799bf0f,woman.consulting,available,26.99,,high,low,5,name.com,,,
5402ea9e-fa08-4b7d-a5a9-afce4f39870f,investments.consulting,premium,140,280,high,low,11,namecheap,,,
6f3813f1-5923-401f-aa9c-d56cd87f587d,camper.consulting,available,,,high,low,6,,,,
24fbbda4-6c51-4041-9ab7-92b5eeda0f77,appreciative.consulting,available,26.99,,high,low,12,name.com,,,
9cf675c4-f9ad-452a-9ab6-2237c4ac79ec,lettuce.consulting,available,26.99,,high,low,7,name.com,,,
0096d194-febc-4cf4-8b3f-1c57e065a647,abc.consulting,premium,520,520,high,medium,3,namecheap,,,
9d3e33ba-d0f8-4a15-9d7b-8e0b215ad6c6,flooring.consulting,available,,,high,low,8,,,,
b0252b27-8349-4d31-83b0-151c1daf9861,lego.consulting,available,,,high,low,4,,,,
6e2fc43a-ccaa-4793-b0e3-d3e88eeee543,mouth.consulting,available,8.48,67.98,high,low,5,namecheap,,,08/09/2026 03:51
1d2dbada-f6ed-4adc-ab76-54861fdf146d,nutty.consulting,available,8.48,67.98,high,low,5,namecheap,,,06/08/2026 21:27
382618e2-2232-4a7b-b059-8a11b4552c9a,pissed.consulting,available,8.48,67.98,medium,low,6,namecheap,,,
e6ad7fd5-4c51-4d51-8c7e-69c8273d62ef,nevada.consulting,premium,700,1400,high,low,6,namecheap,,,
20b9451b-a5cc-4e80-9025-34da4737740e,ego.consulting,premium,69.3,138.6,high,low,3,namecheap,,,
bdb9afd4-c6a4-4173-8e3c-58ed5a1e96a5,aspirin.consulting,available,,,high,low,7,,,,
b48c0bfe-da90-4985-a1e0-2000aae788ef,enduring.consulting,available,8.48,67.98,high,low,8,namecheap,,,
c24f24b7-ed4d-4d1a-be93-4e8c504db1a7,blades.consulting,available,26.99,,high,low,6,name.com,,,
f8d5ceee-e8d8-4b8a-88b6-3f90e5d341e5,nun.consulting,premium,69.3,138.6,high,low,3,namecheap,,,
5b2712fe-39ea-427c-b603-07a586dc6673,attached.consulting,available,8.48,67.98,high,low,8,namecheap,,,
98741887-78f9-4b35-b760-2a95b605cb8b,crabby.consulting,available,8.48,67.98,medium,low,6,namecheap,,,08/08/2026 07:43
be1bb6bf-ca27-4732-81e9-ea5c87651384,redemption.consulting,available,26.99,,high,low,10,name.com,,,
528df36a-014f-4c3a-8640-f8dc20c67302,tree.consulting,resell,,,high,low,4,UM DOMAINS PTE. LTD,29/03/2026 15:15,29/03/2027 15:15,
ca22e5c4-888a-4b51-8cda-7116c92e61e9,loony.consulting,available,8.48,67.98,high,low,5,namecheap,,,06/08/2026 21:17
544658b3-7c2e-4354-8b9e-dd55895cf4eb,bowed.consulting,available,8.48,67.98,medium,low,5,namecheap,,,06/08/2026 14:55
e727b92b-2a15-48d4-96ea-a345e3349cbf,aroused.consulting,available,8.48,67.98,high,low,7,namecheap,,,
b3bc4445-5c98-416c-87d0-ec8ded5488e6,band.consulting,premium,69.3,138.6,high,low,4,namecheap,,,
8b4af58f-341d-4409-b908-6185d4741fd0,worst.consulting,available,26.99,,medium,low,5,name.com,,,
3ba48b00-e77f-48bc-9886-0d274d0b35f4,traveler.consulting,available,26.99,,high,low,8,name.com,,,
7ac7ad29-b3e7-42a3-bf84-4d163c244860,mobile.consulting,available,,,high,low,6,,,,
b5e5146a-e32f-458e-a87c-e13fba84bd0a,illness.consulting,available,26.99,,high,low,7,name.com,,,
3a781b48-1d34-404e-a366-535f4fc0f9eb,discomfort.consulting,available,26.99,,high,low,10,name.com,,,
758afece-74ca-43eb-8914-d36ca12c78c2,creatively.consulting,available,26.99,,high,low,10,name.com,,,
6c72bc35-0c6c-40d2-a198-dbf2ef9b0a70,optionally.consulting,available,26.99,,high,low,10,name.com,,,
eed47696-447c-4bc8-a91c-c7c3a5b598d7,assuring.consulting,available,8.48,67.98,medium,low,8,namecheap,,,07/08/2026 08:31
ea8c7bbd-15f4-4897-b318-3dd0c4f0e346,variety.consulting,available,26.99,,high,low,7,name.com,,,
dd4e72e1-18ff-4b6f-b2e8-62921f67fe75,highly.consulting,available,26.99,,high,low,6,name.com,,,
dc5c0ae4-789b-44ad-bc95-e278ed5b5352,suspend.consulting,available,26.99,,high,low,7,name.com,,,
135c5b34-56b6-4f0c-8d61-6d986c8621e5,shirtless.consulting,available,26.99,,medium,low,9,name.com,,,
501063bc-74af-4174-975f-4003b1920a97,background.consulting,available,26.99,,high,low,10,name.com,,,
bba70f8d-05cd-4f54-bbc5-70512c4a2640,autumn.consulting,available,26.99,,high,low,6,name.com,,,
d6dc9f12-feff-4110-a028-7e4750d07a55,ghostlike.consulting,available,8.48,67.98,medium,low,9,namecheap,,,06/08/2026 05:23
40505d6f-0354-4af9-9907-33e9b3d3998e,inane.consulting,available,8.48,67.98,medium,low,5,namecheap,,,07/08/2026 02:43
72e7ea36-737b-42c6-9c26-754669a20ab9,receipt.consulting,available,26.99,,high,low,7,name.com,,,
828771bf-84ce-457a-b7bf-9e4bc3ffd1cf,posterior.consulting,available,8.48,67.98,medium,low,9,namecheap,,,09/08/2026 11:12
536e0258-5f43-4e65-a26b-847711c175cb,babe.consulting,available,26.99,,high,low,4,name.com,,,
e4495257-ae70-4ab0-90e2-1e61a22a32c8,panda.consulting,resell,,,high,medium,5,"Sav.com, LLC - 24",29/09/2025 15:16,29/09/2026 15:16,
1b5cdf49-7d7a-4f0a-98ac-d73181dd48f2,arresting.consulting,available,8.48,67.98,high,low,9,namecheap,,,06/08/2026 21:47
26a68284-2eee-4ad8-b3d5-338d546b4379,supplies.consulting,available,26.99,,medium,low,8,name.com,,,
b10f8665-9772-40df-8a31-f2007a8d0fe5,ribbon.consulting,available,26.99,,high,low,6,name.com,,,
0f4aa349-3e98-4c04-a552-f4cc95516593,supervisor.consulting,available,26.99,,high,low,10,name.com,,,
29504c38-fd8c-4987-a2f5-ff0451bf9a02,soon.consulting,available,26.99,,high,low,4,name.com,,,
1314e997-c696-407f-85fd-5380b0363a5d,barky.consulting,available,8.48,67.98,medium,low,5,namecheap,,,08/08/2026 19:46
97da30fe-3a96-43fe-b736-7e67d8dcdcc7,abusive.consulting,available,8.48,67.98,medium,low,7,namecheap,,,
f1486068-fb8c-4c95-9b60-54fbc19d10ef,notify.consulting,available,26.99,,high,low,6,name.com,,,
0f07701a-6528-46ef-9c38-51a44abfc4fd,director.consulting,available,26.99,,high,low,8,name.com,,,
d66857d6-99e8-481b-a334-46fdc4ce99d3,sale.consulting,premium,280,560,high,low,4,namecheap,,,
4bd6e8dc-d669-426a-aee8-36aa3ddf2d0f,unpaid.consulting,available,8.48,67.98,high,low,6,namecheap,,,
87fa6fe3-71c0-4786-8a21-e588bd53fe25,touchdown.consulting,available,26.99,,high,low,10,name.com,,,
fff4eb53-9bc6-43ab-94a1-0d7bece3d77e,connect.consulting,resell,,,high,medium,7,Dynadot Inc,17/10/2024 17:00,17/10/2026 17:00,07/08/2026 07:16
e03bcec4-708f-438e-9d9d-deb6c3e2010c,visiting.consulting,available,26.99,,high,low,8,name.com,,,
fbe0f4db-d534-4d26-9c6c-9449fa895b09,shooting.consulting,available,26.99,,high,low,8,name.com,,,
0202b56b-4b62-4eea-9801-eea3c2d495bd,incorrect.consulting,available,26.99,,high,low,9,name.com,,,
60f40457-00e5-4833-95c1-955521e8f380,medals.consulting,available,26.99,,high,low,6,name.com,,,
7e8b209b-fad1-45e7-b7df-e68aa9402895,panoplied.consulting,available,8.48,67.98,medium,low,9,namecheap,,,06/08/2026 21:42
0182321d-b59a-4afa-b574-c68b658e34a3,dignitary.consulting,available,26.99,,high,low,9,name.com,,,
6a418754-a3c7-4e3a-a5a2-80d7ad430b6c,cadillac.consulting,available,26.99,,high,low,8,name.com,,,
4bfce4d8-7a13-49b1-b346-7cd7080f13ca,finally.consulting,available,26.99,,high,low,7,name.com,,,
dcca49dc-5eb3-497e-8136-3dd1b17ea70f,azygos.consulting,available,8.48,67.98,medium,low,6,namecheap,,,08/08/2026 03:32
fc4741d7-9cdf-48fa-8f97-2045c0c57f7a,acts.consulting,available,,,high,low,4,,,,
3591cf78-3c96-4391-9b1d-51c80c9c08df,worshipful.consulting,available,8.48,67.98,high,low,10,namecheap,,,
658a6668-167c-4009-a0b8-736e5f6ba0ef,confusion.consulting,available,26.99,,high,low,9,name.com,,,
d8f61cb6-af05-4c3f-a408-26e18626a9a4,anesthetic.consulting,available,8.48,67.98,high,low,10,namecheap,,,
65b6c6fc-3ffa-4f74-8f96-4dfba0220af9,bashful.consulting,available,8.48,67.98,high,low,7,namecheap,,,08/08/2026 22:01
5350a2a0-c1d7-4772-8d26-37ea67d31aa3,astound.consulting,available,26.99,,high,low,7,name.com,,,
144f2694-9e73-4972-b61b-af6a05485aa6,fulgid.consulting,available,8.48,67.98,medium,low,6,namecheap,,,
fd51415b-f6c9-44ec-910d-4301436caef3,aleut.consulting,available,8.48,67.98,high,low,5,namecheap,,,
a29f814b-53cd-4893-9e5a-56ffb491ef6d,polygon.consulting,available,26.99,,high,low,7,name.com,,,
dfe734f8-fd35-4b51-bca1-94a3f0e44935,buster.consulting,available,26.99,,high,low,6,name.com,,,
acf00724-f52c-4e85-8d6f-53a141bad685,accounted.consulting,available,26.99,,medium,low,9,name.com,,,
ed7f15f5-cb04-4cf6-868d-c06244e1de50,mild.consulting,available,26.99,,high,low,4,name.com,,,
dbe4e079-b136-4522-a345-5870734cbb0f,ought.consulting,available,26.99,,high,low,5,name.com,,,
03ed66d0-84b8-44f8-9e8f-c7cc2739eef5,buns.consulting,available,8.48,67.98,medium,low,4,namecheap,,,09/08/2026 10:54
f66ab79b-5ca8-4172-bc12-9201ad32a36f,documents.consulting,available,26.99,,high,low,9,name.com,,,
c7619c56-b6d1-4717-bdf5-92da4d105725,sandwich.consulting,available,26.99,,high,low,8,name.com,,,
9457345a-ed30-4114-ba8c-ff194779d474,alchemical.consulting,available,8.48,67.98,high,low,10,namecheap,,,
5d66f269-fcc2-4290-9470-756e0f47a091,abactinal.consulting,available,8.48,67.98,medium,low,9,namecheap,,,
f7eeebe7-c89d-413e-b9d1-b0130d93acaf,abo.consulting,premium,42.9,85.8,high,low,3,namecheap,,,
eccd1b7a-e07b-4a5a-9d4a-2b1920c1ce75,lovesome.consulting,available,8.48,67.98,high,low,8,namecheap,,,
724f9e5a-94ed-4d78-ac0c-bdbf82f4730a,law.consulting,available,,,high,medium,3,,,,
b5659dde-9016-4c34-ad79-1ea3bf3eb94c,huge.consulting,available,26.99,,high,low,4,name.com,,,
526d407b-9536-4b1d-83fb-16beb05e451f,softly.consulting,available,26.99,,high,low,6,name.com,,,
a75af2b7-25ba-4971-8930-fe92df425700,sparkly.consulting,available,8.48,67.98,high,low,7,namecheap,,,
13c73eef-4263-43a8-9588-348b5a0a3180,appear.consulting,available,26.99,,high,low,6,name.com,,,
edfd9450-5805-4216-aa2b-2abfe66a8f5d,robed.consulting,available,8.48,67.98,medium,low,5,namecheap,,,06/08/2026 05:03
11c500a5-aefe-45de-8d8b-a76cf3c044c8,namely.consulting,available,26.99,,medium,low,6,name.com,,,
355ec61b-0dde-4d57-91e1-04b8d1c40ec7,beaten.consulting,available,8.48,67.98,medium,low,6,namecheap,,,09/08/2026 05:47
b5379670-2fcf-4a2b-a57c-f7b864f05e25,inhibit.consulting,available,26.99,,high,low,7,name.com,,,
aeeb5ad7-c245-470d-8a87-442f4dc9accb,tercet.consulting,available,8.48,67.98,high,low,6,namecheap,,,
c819d74c-1c2a-4f1a-8a3d-aaf80bedfaf7,stray.consulting,available,26.99,,high,low,5,name.com,,,
c6c3168c-7b29-4565-8dbe-9bb2e3d9cdd9,bonus.consulting,available,26.99,,high,low,5,name.com,,,
ec89e241-7a75-4cd7-90ed-a57234e09109,surrender.consulting,available,26.99,,high,low,9,name.com,,,
74fbf86d-147a-4bb3-9553-21784ef0371d,fedex.consulting,available,26.99,,high,low,5,name.com,,,
b863b304-eb5a-483a-b0e3-7230fd87804f,practicing.consulting,available,26.99,,high,low,10,name.com,,,
ccc5b9fc-2891-46ee-9181-bddc31062892,athlete.consulting,premium,140,280,high,low,7,namecheap,,,
b0213188-fee5-4b2c-a369-2c1e00a1e4a4,mother.consulting,available,26.99,,high,low,6,name.com,,,
6cc3d746-6285-4094-a08b-2a46f0d5dcbb,associate.consulting,premium,130,260,high,low,9,namecheap,,,07/08/2026 06:50
c9f82fde-abfe-434c-9747-941e8c372645,aquatic.consulting,premium,130,260,high,low,7,namecheap,,,06/08/2026 10:45
52b0693c-92a1-4f22-adf3-62e8f02b77a9,briefs.consulting,available,26.99,,high,low,6,name.com,,,
160b4ee0-6d93-4352-bdfa-b0f39064bb36,marine.consulting,premium,140,280,high,low,6,namecheap,,,
b6947127-fe55-459f-b69a-0247184613d6,illustrated.consulting,available,26.99,,high,low,11,name.com,,,
16ebaea6-0f70-4666-bbf9-bb4e69157d61,tilted.consulting,available,8.48,67.98,high,low,6,namecheap,,,07/08/2026 13:29
44eaf02c-0995-4322-8349-4d96a76e3daa,pinging.consulting,available,26.99,,high,low,7,name.com,,,
5dbbb4b3-7bb1-4421-b978-803c5285390a,chased.consulting,available,26.99,,high,low,6,name.com,,,
3ac42efe-7289-4715-b7d3-56733318ea6a,style.consulting,premium,650,1300,high,low,5,namecheap,,,08/09/2026 07:22
14e7b0da-2ed9-46a7-8deb-d82db9765919,published.consulting,available,26.99,,high,low,9,name.com,,,
0c9d4dcd-8067-42e4-b90b-bce6d444ac5e,hexad.consulting,available,8.48,67.98,medium,low,5,namecheap,,,
d223eb69-0452-4fd3-868b-0d7a87d223ce,flourishing.consulting,available,26.99,,high,low,11,name.com,,,
ef352f4e-01cf-4f8f-9443-0f5d67a9c1c6,andean.consulting,available,8.48,67.98,high,low,6,namecheap,,,
d6a7f8b1-0884-4ea1-b751-69d10a1828c6,conference.consulting,available,26.99,,high,low,10,name.com,,,
bdeb771c-9619-40c5-97d9-0218ca70fb69,resolute.consulting,available,26.99,,high,low,8,name.com,,,
0573671c-daad-46eb-9aed-852ea63f9851,than.consulting,available,26.99,,high,low,4,name.com,,,
19f786c3-5216-4838-aa9d-316e8176c08c,actable.consulting,available,8.48,67.98,medium,low,7,namecheap,,,
1faa795c-81a5-4849-9760-52bbb2277511,montreal.consulting,premium,700,1400,high,low,8,namecheap,,,
9020d6d3-be1c-4418-a63c-2be7e98c1c71,livid.consulting,available,8.48,67.98,medium,low,5,namecheap,,,07/08/2026 02:24
28207e86-6cc2-435f-a7c9-f2223020538e,google.consulting,available,,,high,medium,6,,,,
33b4dd0d-89d0-4460-ae82-d769fae29aac,port.consulting,available,26.99,,high,low,4,name.com,,,
962eb32e-ec6f-4e02-b680-d570d2889fd3,particles.consulting,available,26.99,,medium,low,9,name.com,,,
b1cc2ad8-b42b-4d50-a5d2-408ea0d01c6d,sit.consulting,premium,46.2,92.4,high,low,3,namecheap,,,
2d5183fd-309a-433f-898d-8415631513c7,teammate.consulting,available,26.99,,high,low,8,name.com,,,
01504c9f-2312-4ccf-becd-cbc8ad96e596,virulent.consulting,available,8.48,67.98,medium,low,8,namecheap,,,
8553c118-f777-47c0-b34c-8f3aa4a86bc4,elsewhere.consulting,available,26.99,,high,low,9,name.com,,,
c4027700-c377-41ff-829f-8a0d98576daa,paternal.consulting,available,8.48,67.98,high,low,8,namecheap,,,
db29a15d-4bcb-445a-8a4c-b9a5bb567aad,pen.consulting,premium,69.3,138.6,high,low,3,namecheap,,,
e5f5efe2-944a-4c17-82b8-9db2eef2ead3,uproar.consulting,available,26.99,,high,low,6,name.com,,,
f745e1e1-70d9-4b4f-932c-d2f5de3d0226,coherently.consulting,available,26.99,,high,low,10,name.com,,,
7dfecd46-9ad1-416d-917f-ab062074ab8e,actuated.consulting,available,8.48,67.98,medium,low,8,namecheap,,,
e4af1351-6ea8-480b-94b8-b4a0d5e71687,undergraduate.consulting,premium,69.3,138.6,high,low,13,namecheap,,,
611f6857-247b-4123-bf95-e4230f99b18a,employer.consulting,premium,140,280,high,low,8,namecheap,,,
4b00d9c3-87b7-4955-bc6c-da4bdc66e20f,reveal.consulting,available,26.99,,high,low,6,name.com,,,
7267ff7b-2aa1-491b-8877-68928e5a8a72,altaic.consulting,available,8.48,67.98,medium,low,6,namecheap,,,
5b51f433-6bc3-4fee-b6d8-70df7dea2f01,session.consulting,available,,,high,low,7,,,,
8bfcbb8c-75e0-4085-9618-8fee8325042e,whereby.consulting,available,26.99,,medium,low,7,name.com,,,
b32b9b3b-9d0d-41ab-87dd-7c83a5cf3f39,fruit.consulting,available,26.99,,high,low,5,name.com,,,
c99c2625-f749-4a99-99a2-7eed0b1f8f9f,troika.consulting,available,8.48,67.98,high,low,6,namecheap,,,
9cbae864-9c0f-4c1d-a202-23aed50cc81a,cornered.consulting,available,8.48,67.98,high,low,8,namecheap,,,07/08/2026 11:02
126ab6da-bba2-4316-ad26-469871df596c,midwinter.consulting,available,26.99,,medium,low,10,name.com,,,
126aabca-ddb1-4568-a66c-54b8b401c627,steamed.consulting,available,,,medium,low,7,,,,
297c4093-695d-43f0-a123-b8298fd83819,watson.consulting,premium,69.3,138.6,high,medium,6,namecheap,,,
5f36f11d-56d9-4237-bbf4-ab486bfd0b66,loads.consulting,available,26.99,,high,low,5,name.com,,,
7f7bdfd2-ce91-43b5-bc41-fef3fa2786ec,posting.consulting,available,26.99,,high,low,7,name.com,,,
5437c319-fd42-4ebf-8ede-93b72f4a42bb,woops.consulting,available,26.99,,high,low,5,name.com,,,
dd9e02d1-0adb-4d48-a78b-bd2c1f065639,weakest.consulting,available,26.99,,medium,low,7,name.com,,,
449e66d2-3332-4b01-a1ff-5c5527880c86,bastard.consulting,available,8.48,67.98,high,low,7,namecheap,,,08/08/2026 23:19
4fc85a41-dcf8-4d5d-8884-a265d84d7d1e,unassuming.consulting,available,26.99,,high,low,10,name.com,,,
49bdd976-e2e0-42ae-99c3-a3d6d37c0274,priceless.consulting,available,,,high,low,9,,,,
1ec8cbdb-a81d-4184-841d-60e20778dbc6,getting.consulting,available,26.99,,high,low,7,name.com,,,
2f17669d-8a11-4b27-94c0-c258946786fc,artist.consulting,premium,280,560,high,low,6,namecheap,,,
c309b39d-4bbf-464c-beea-290f40d2a962,accept.consulting,available,26.99,,high,low,6,name.com,,,
5133ff8e-0849-40d0-be3c-3562f41578ed,theft.consulting,available,8.48,67.98,high,low,5,namecheap,,,08/09/2026 07:55
cc3d769f-86fe-45d8-92fd-c2fe630d086b,adios.consulting,available,26.99,,high,low,5,name.com,,,
2dd907b4-c548-4cc3-9d5c-b23327b349d1,hell.consulting,available,26.99,,high,low,4,name.com,,,
5e7a128f-9272-4ac6-aa99-634ea9137fa9,currency.consulting,premium,140,280,high,low,8,namecheap,,,
36f11b26-9d8c-471b-b0d3-ea4f1a4aa97d,acknowledge.consulting,available,26.99,,high,low,11,name.com,,,
a3b31175-f008-4fe1-b7aa-25323d604e9b,choir.consulting,available,26.99,,high,low,5,name.com,,,
85b725b2-a38d-4471-9fd3-3bdc4bc7eed1,injury.consulting,available,26.99,,high,low,6,name.com,,,
60261760-dffd-4b64-a07a-fb372099dcbb,nyt.consulting,premium,46.2,92.4,high,low,3,namecheap,,,
c3a2ddb5-8682-4bcd-8b21-46bd0d07788c,otherwise.consulting,available,26.99,,high,low,9,name.com,,,
7fab5006-1081-4502-8af5-62a2a5abdca3,tell.consulting,available,26.99,,high,low,4,name.com,,,
4932bc5a-4653-42ac-ab92-1ced3fb21e79,sip.consulting,premium,69.3,138.6,high,low,3,namecheap,,,
716b6850-f789-4013-a3b7-a662c902f0b9,russian.consulting,resell,,,high,low,7,"NameSilo, LLC",04/05/2025 10:08,04/05/2027 10:08,
83fe1d31-85ec-4bea-ae39-8d7e42355166,saturday.consulting,available,26.99,,high,low,8,name.com,,,
903d7d9d-67df-426b-9c52-6cb4a35c9f61,committee.consulting,available,26.99,,high,low,9,name.com,,,
c7048bfe-cd5b-4333-9db3-20e260877144,puzzled.consulting,available,8.48,67.98,high,low,7,namecheap,,,07/08/2026 10:53
0ede05ef-a261-4f8f-ba8d-de72f903133f,decay.consulting,available,26.99,,high,low,5,name.com,,,
f12452c1-8e93-4e11-93a6-d61ad781aaa8,whisking.consulting,available,26.99,,high,low,8,name.com,,,
00c08913-9c9b-4738-832a-afeebf8d4d7a,doubling.consulting,available,26.99,,high,low,8,name.com,,,
ed8dfafb-711e-456d-ab82-65c6bc72ce33,snapchat.consulting,available,26.99,,high,low,8,name.com,,,
8b947f20-9c1c-406e-af1e-fd5945f1298b,endowment.consulting,available,26.99,,high,low,9,name.com,,,
ab128d32-6a41-4e8e-bd11-bad9b0ee5d1b,contempt.consulting,available,26.99,,medium,low,8,name.com,,,
f8b8231f-70a6-4900-9a43-29e72c8f00e3,aggregated.consulting,available,8.48,67.98,high,low,10,namecheap,,,
2c0b457d-5cc6-44da-85a6-b98c576a97a1,bidens.consulting,available,26.99,,high,low,6,name.com,,,
918cb9df-d3ce-4c5a-af88-74b4db731da7,masculine.consulting,available,26.99,,high,low,9,name.com,,,
729d2a1c-8047-406c-afce-df16d785fe55,soap.consulting,available,26.99,,high,low,4,name.com,,,
7e7c72ca-ceae-4a72-894c-3e043070e24d,murder.consulting,available,26.99,,high,low,6,name.com,,,
24c1f13e-cef9-4d52-9081-b3a1028ca37e,athenian.consulting,available,8.48,67.98,medium,low,8,namecheap,,,07/08/2026 13:08
c686ea50-8ae4-4a48-8b22-b9e3c4dcb914,prove.consulting,available,26.99,,high,low,5,name.com,,,
cc0ed0da-7fe9-47f2-a30f-4a84dd91b59c,temple.consulting,available,,,high,low,6,,,,
96b7e029-8238-41b3-8e53-425b4bd42d61,hundredth.consulting,available,8.48,67.98,high,low,9,namecheap,,,
1e3d120e-b90c-4c29-8b02-238808713149,nutritive.consulting,available,8.48,67.98,high,low,9,namecheap,,,08/09/2026 09:04
76804ba1-4629-4f85-bc80-283cee80837f,viii.consulting,available,8.48,67.98,high,low,4,namecheap,,,
e21baad2-da73-4639-9bbc-650373f3a7f7,mediocre.consulting,available,26.99,,high,low,8,name.com,,,
382f5aef-3c29-4297-846e-e4ed2368bef2,rep.consulting,available,26.99,,high,low,3,name.com,,,
714bbd0b-07a9-40c9-9ebb-a7dcb1cad3d2,adaxial.consulting,available,8.48,67.98,medium,low,7,namecheap,,,
9741b6b5-b36e-4e70-9309-a96f168e30c4,nineteenth.consulting,available,8.48,67.98,high,low,10,namecheap,,,
bb96a04c-5809-4e2b-a39e-24088114b032,seafood.consulting,available,8.48,67.98,high,low,7,namecheap,,,08/09/2026 02:47
7dc85800-63ae-44a3-896e-556e7a876b79,marines.consulting,available,26.99,,high,low,7,name.com,,,
86d3900e-8252-47e3-a347-d93805d5e1ec,reunion.consulting,resell,,,high,medium,7,"GoDaddy.com, LLC",08/02/2023 03:37,08/02/2027 03:37,
3fe961a9-fee5-4690-a9ab-e0bd27b6a6f4,leisure.consulting,available,,,high,low,7,,,,
435a81df-3a39-4643-9e86-e495743e6cad,halloween.consulting,available,26.99,,high,low,9,name.com,,,
956777c2-34f7-49a5-9979-cef1d62ca296,xxxv.consulting,available,8.48,67.98,high,low,4,namecheap,,,
cc3198e9-7f8a-43f0-a45b-553505fc5a7a,chemistry.consulting,premium,46.2,92.4,high,low,9,namecheap,,,
c2fd8264-af00-4265-a923-5febeb81bb71,cxl.consulting,available,,,medium,low,3,,,,
a2e561c9-7890-4066-8ed8-d89301c8c2ab,askew.consulting,available,8.48,67.98,medium,low,5,namecheap,,,07/08/2026 03:31
ef25418e-fc2b-4483-8096-2446cfc1a387,life.consulting,available,,,high,low,4,,,,
82eb57ee-763f-4e53-b9ee-e8eae68bb7d9,kangeroo.consulting,available,26.99,,high,low,8,name.com,,,
306a4c80-67e6-40af-8c94-56b236621259,aramean.consulting,available,8.48,67.98,medium,low,7,namecheap,,,06/08/2026 12:02
3b914313-7a5f-42af-9c0d-a06e4bd4c83d,child.consulting,available,26.99,,high,low,5,name.com,,,
d8a00897-a089-420b-8e14-0c1213dbd12c,bully.consulting,available,8.48,67.98,high,low,5,namecheap,,,08/08/2026 12:15
929b533e-2464-4d23-9c0a-0cef41883258,abstemious.consulting,available,8.48,67.98,medium,low,10,namecheap,,,
49d8191f-6072-41aa-9b70-af8528f8fd7d,similar.consulting,available,8.48,67.98,high,low,7,namecheap,,,
f54fa96d-54e0-4e82-8102-fc0c2e9d68e6,painful.consulting,available,8.48,67.98,high,low,7,namecheap,,,
7a670736-ceae-4dc4-ba33-2d16a7881fa2,phrase.consulting,available,26.99,,high,low,6,name.com,,,
0288a782-3611-4737-aca5-f8fabfeceab2,lcd.consulting,premium,69.3,138.6,high,low,3,namecheap,,,
73e5925d-c2fb-40ec-9621-e9863aa17cab,cautionary.consulting,available,8.48,67.98,high,low,10,namecheap,,,
a6336de8-0a1f-43a7-96a2-64f0346424d0,buttons.consulting,available,26.99,,high,low,7,name.com,,,
d3c6e4e7-1166-4d86-b675-cd1e4d364282,aguacate.consulting,available,8.48,67.98,medium,low,8,namecheap,,,07/08/2026 23:46
0092404d-d231-4aea-896e-693689f07176,believable.consulting,available,8.48,67.98,high,low,10,namecheap,,,09/08/2026 13:01
37692ac2-3e6f-4a3d-b014-adf0faf16d38,xlviii.consulting,available,8.48,67.98,medium,low,6,namecheap,,,
e49a8cf9-2e4a-4726-8892-1604f479eaff,retain.consulting,available,26.99,,high,low,6,name.com,,,
e44ed4f4-e692-4d4b-92de-a548787912c7,hour.consulting,available,26.99,,high,low,4,name.com,,,
ed9370b3-b2fb-4582-85c4-5c04df33bd5e,acarpous.consulting,available,8.48,67.98,medium,low,8,namecheap,,,
331098d7-9aa2-49ac-ab99-f24bb2e1e22d,cindy.consulting,available,26.99,,high,low,5,name.com,,,
0eb9fc52-730f-473e-a83e-e3fd6a006fd0,now.consulting,resell,,,high,medium,3,Squarespace Domains II LLC,06/07/2021 06:42,06/07/2027 06:42,
8b5a168a-e078-424f-996a-c88c755ac3ca,agamic.consulting,available,8.48,67.98,medium,low,6,namecheap,,,
fe3038e9-e433-46e5-8c90-90538aab0ec0,plate.consulting,available,26.99,,high,low,5,name.com,,,
a0b08252-8761-4fa3-87d3-2742f9618f97,memorize.consulting,available,26.99,,high,low,8,name.com,,,
d36ebdf5-ab95-4634-8207-1301cc53f800,knowing.consulting,available,26.99,,high,low,7,name.com,,,
d5dbe2c0-8e19-446e-8aff-f57e83b494ca,unmannered.consulting,available,8.48,67.98,low,low,10,namecheap,,,08/08/2026 07:28
0ca7bf2b-eee6-471e-99ec-7a45dfe97cc7,ebook.consulting,premium,69.3,138.6,high,low,6,namecheap,,,
a0feff82-fd69-4adf-aadb-f3d5ab74caa8,accountancy.consulting,available,26.99,,high,low,11,name.com,,,
edb237af-4381-4bd9-a099-e1117acf321b,unfounded.consulting,available,8.48,67.98,medium,low,9,namecheap,,,08/08/2026 21:57
ee71553f-ab02-4bb4-81de-7c2f8e62afe9,planless.consulting,available,8.48,67.98,medium,low,8,namecheap,,,
80deb4f7-da32-42f4-9b70-18d8a522f86b,tipped.consulting,available,8.48,67.98,high,low,6,namecheap,,,07/08/2026 13:33
3433e70a-150b-4a09-ae60-37ea967e9b31,nebraska.consulting,premium,69.3,138.6,high,low,8,namecheap,,,
f01d7479-68af-4e38-8f1a-61a7bb1c763c,fundament.consulting,available,8.48,67.98,medium,low,9,namecheap,,,09/08/2026 10:59
7e9581f7-8172-4e30-8682-a9150bf384b0,subjects.consulting,available,26.99,,medium,low,8,name.com,,,
2830887c-fca9-4fba-a732-0637040279a4,annelidan.consulting,available,8.48,67.98,medium,low,9,namecheap,,,
2a2cf9e9-04b8-4280-8afb-9412ac094b33,arguable.consulting,available,8.48,67.98,high,low,8,namecheap,,,06/08/2026 18:32
64965774-1657-4eb0-9d73-adede5e2b599,awny.consulting,available,8.48,67.98,medium,low,4,namecheap,,,08/08/2026 01:25
84d55d19-73b6-4b9a-aab8-53d5ab97b928,pig.consulting,premium,46.2,92.4,high,low,3,namecheap,,,
b3d012ba-709c-44c9-9aad-b631e765275a,runabout.consulting,available,26.99,,high,low,9,name.com,,,
dacf4de9-423c-4016-8e45-b821660e4b8c,bird.consulting,resell,,,high,medium,4,Dynadot Inc,20/10/2024 17:01,20/10/2026 17:01,
79e3c8a2-8b40-4760-9771-4c799449bc7e,rustic.consulting,available,8.48,67.98,high,low,6,namecheap,,,
4a5c1288-3591-455d-b7b5-0ea3fbf6a9c8,covenant.consulting,available,26.99,,high,low,8,name.com,,,
1f8e11ee-9d8b-4a23-af42-6eb2e0c8a652,accursed.consulting,available,8.48,67.98,medium,low,8,namecheap,,,
b0985bc0-f196-4633-acca-d8c9ae16854c,preceding.consulting,available,26.99,,high,low,9,name.com,,,
4b767aa0-fb27-44bb-8846-7e48610ea201,capitalize.consulting,available,26.99,,high,low,10,name.com,,,
99eb52a7-00a2-4042-bc50-37fcf6330ef8,jewel.consulting,available,26.99,,high,low,5,name.com,,,
aafa67da-f513-43a3-a9a6-d7554cb6ea40,destructive.consulting,available,26.99,,medium,low,11,name.com,,,
270f5dbb-1a5a-4bd0-b371-d768fa0a996e,activating.consulting,available,8.48,67.98,high,low,10,namecheap,,,
b7863b57-fcf8-43f3-bdaa-545db3d634dd,balletic.consulting,available,8.48,67.98,high,low,8,namecheap,,,08/08/2026 10:26
6d4c58f4-413a-4b2c-9b02-41511b34aa5d,limo.consulting,available,26.99,,high,low,4,name.com,,,
41dc6c4a-0263-4f86-9902-c8699d892c07,tanks.consulting,available,26.99,,high,low,5,name.com,,,
a2dc289c-43c4-4336-b12f-348ace3322f4,assignable.consulting,available,8.48,67.98,medium,low,10,namecheap,,,07/08/2026 06:19
be6dca1a-f07d-4fbb-b257-a61ab8866e5c,darken.consulting,available,26.99,,high,low,6,name.com,,,
bc2c6c20-14e0-40e5-b43f-b6d46eadaedf,have.consulting,available,26.99,,high,low,4,name.com,,,
d476adfa-2954-4ce8-b567-ff0511a6a9d4,picked.consulting,available,26.99,,high,low,6,name.com,,,
ca6ae27b-f046-4722-868e-ba8b4952c612,briefcase.consulting,available,26.99,,high,low,9,name.com,,,
690eea6b-ed73-41da-8a52-df6de4822ea0,suggest.consulting,available,26.99,,high,low,7,name.com,,,
1f9f141a-79a6-4da3-b2d5-e05bf3dc3020,acicular.consulting,available,8.48,67.98,medium,low,8,namecheap,,,
696562d9-3ddf-4863-a50a-6bcff10b6d39,sets.consulting,available,26.99,,medium,low,4,name.com,,,
e2b2e402-2ce7-4a61-81f7-4161f66da1c6,actinic.consulting,available,8.48,67.98,medium,low,7,namecheap,,,
5f98fecc-2076-4df4-a450-f7a0d292a46f,alvine.consulting,available,8.48,67.98,medium,low,6,namecheap,,,
2aa19f14-0669-42eb-aa47-9af71fccf0fe,diversify.consulting,available,26.99,,high,low,9,name.com,,,
9b1a6ea6-678d-4552-93c3-38965ad4d86c,coldly.consulting,available,26.99,,medium,low,6,name.com,,,
a50e6a65-23bf-4618-9430-04d5d00f4ab3,meaningful.consulting,available,26.99,,high,low,10,name.com,,,
037fb310-8846-4da9-aed0-be1a9f504a9e,incidence.consulting,available,26.99,,high,low,9,name.com,,,
4d9ad0b2-5f1b-41b6-9aef-4f4100945e25,wording.consulting,available,26.99,,high,low,7,name.com,,,
0f8d60d1-cc39-4ece-af96-63f47d5eec23,taiwan.consulting,available,,,high,low,6,,,,
290cf1e4-b456-4f48-bb48-28ea3210a920,adipose.consulting,available,8.48,67.98,high,low,7,namecheap,,,
d22fd42b-5e05-4b09-a067-61135afc69ad,upon.consulting,available,26.99,,high,low,4,name.com,,,
84341676-59b6-4fc3-bb1b-e80754f0e098,watching.consulting,available,26.99,,high,low,8,name.com,,,
8ed00bbe-0b38-4287-ba24-b40c30356f24,clxxx.consulting,available,8.48,67.98,medium,low,5,namecheap,,,
f9b30ef4-282c-4117-8df6-8d5ab8a814fd,per.consulting,premium,46.2,92.4,high,low,3,namecheap,,,
1ab3525d-43ec-40c6-bc60-d013e1034a45,encouraging.consulting,available,26.99,,high,low,11,name.com,,,
71695dab-94af-4360-9e8d-a7c2405a13ca,marooned.consulting,available,26.99,,medium,low,8,name.com,,,
90406997-c85b-45d1-8a24-f138965d63c7,clxx.consulting,available,8.48,67.98,medium,low,4,namecheap,,,
4909cc8d-6800-4074-9921-284ea8aebb72,simplicity.consulting,available,26.99,,high,low,10,name.com,,,
b334e7db-2238-434e-b75a-de07fd2004fc,token.consulting,resell,,,high,medium,5,Virtualia LLC,06/01/2026 15:15,06/01/2027 15:15,
f571b8db-636b-45eb-a888-e37ec3ee5b27,centesimal.consulting,available,8.48,67.98,high,low,10,namecheap,,,
74df1fc4-1805-4dda-a391-b1cc1e522fb4,adviseable.consulting,available,26.99,,high,low,10,name.com,,,
05c99667-37bb-43c8-805a-5bfc86d810a5,resonating.consulting,available,26.99,,high,low,10,name.com,,,
968b3ce3-408e-4d40-8dcc-182e9c6af5d2,past.consulting,available,26.99,,high,low,4,name.com,,,
bb394f17-0d7d-42cb-92a6-9440311c00ad,moved.consulting,available,26.99,,high,low,5,name.com,,,
efd90bb8-53b7-4376-b297-014371c6c13e,injure.consulting,available,26.99,,high,low,6,name.com,,,
f68a4eb0-d275-493c-8df8-332f1ed018a6,automobile.consulting,premium,140,280,high,low,10,namecheap,,,
5c624d96-eaae-4847-b6fd-b9d38c886273,recover.consulting,available,26.99,,high,low,7,name.com,,,
f9d8bb3b-334b-4a56-af3f-84ecb16e010b,evitable.consulting,available,8.48,67.98,medium,low,8,namecheap,,,07/08/2026 22:45
5057142a-56a8-43f8-8464-3f16d36fdf0e,monopoly.consulting,available,26.99,,high,low,8,name.com,,,
96e2e76e-af87-4c9e-8cdd-aa72032f5c84,assuming.consulting,available,8.48,67.98,high,low,8,namecheap,,,07/08/2026 08:16
d666e689-dbd0-4d68-8c29-4a48ceb34632,conspiracy.consulting,available,26.99,,high,low,10,name.com,,,
15d64895-cbc2-4281-9598-2c9e4205a8b7,ringed.consulting,available,8.48,67.98,high,low,6,namecheap,,,
1d1703d2-3248-421f-a5a3-da9f90e82be5,member.consulting,available,26.99,,high,low,6,name.com,,,
f7b9b753-8190-45cc-b238-d2903d3c5441,folder.consulting,available,26.99,,high,low,6,name.com,,,
58296db5-214f-48aa-8fa8-836de789018a,vote.consulting,available,26.99,,high,low,4,name.com,,,
7050b66f-ba4f-4228-856e-4626ef43fa56,loco.consulting,available,8.48,67.98,high,low,4,namecheap,,,06/08/2026 21:13
0a1ab2e0-6bc7-49f9-9ce6-5d8918473fa7,complain.consulting,available,26.99,,high,low,8,name.com,,,
31ce696a-d138-4378-9ade-c227a7a0fd8e,zesty.consulting,available,8.48,67.98,high,low,5,namecheap,,,08/08/2026 20:02
d755aa05-ea70-4272-ad93-a1ba16e8d582,hang.consulting,available,26.99,,high,low,4,name.com,,,
4b951648-7147-45a2-80f9-2ef2ff01d18e,condolences.consulting,available,26.99,,medium,low,11,name.com,,,
d01b7d6f-1a90-4762-b3ab-868cc69005f5,guitar.consulting,available,26.99,,high,low,6,name.com,,,
c63fda90-6156-4980-8aca-bfe1f3126a99,relation.consulting,available,26.99,,high,low,8,name.com,,,
aee0344e-9a8b-4fcb-a50e-402dba939b1f,diminished.consulting,available,8.48,67.98,medium,low,10,namecheap,,,07/08/2026 15:00
34e36a9e-7224-452d-ad3d-15ccf0e65ac2,existent.consulting,available,8.48,67.98,high,low,8,namecheap,,,
6ebbc1c3-85a0-4bd8-86b0-22b922e4b120,baseless.consulting,available,8.48,67.98,medium,low,8,namecheap,,,08/08/2026 21:44
c9beef96-81b8-41a9-930d-91e1c24ff922,carrie.consulting,available,26.99,,high,low,6,name.com,,,
a93ded41-1d63-4ade-a28d-d03fc38e9abe,barometric.consulting,available,8.48,67.98,medium,low,10,namecheap,,,08/08/2026 20:06
ef76bba3-2329-47b2-ba47-4f49802c24e9,ugh.consulting,premium,69.3,138.6,medium,low,3,namecheap,,,
7d4d3ea0-7fbd-46c2-9f0d-94c5fc06b65b,tetrad.consulting,available,8.48,67.98,high,low,6,namecheap,,,
d19a0ccf-b745-49de-9e09-452519c710d7,kilogram.consulting,available,26.99,,high,low,8,name.com,,,
fd71dcb6-cb13-4f03-bd42-c2c20035fd42,medication.consulting,available,26.99,,high,low,10,name.com,,,
a1a3676a-54bf-40fb-b017-1d802a4e1e9a,proclaim.consulting,available,26.99,,high,low,8,name.com,,,
420f13a3-ccc9-43cd-9b60-6eee1f5a8f54,amort.consulting,available,8.48,67.98,medium,low,5,namecheap,,,
3a6df64f-6281-4c25-9c29-65b41217e964,commercially.consulting,available,26.99,,high,low,12,name.com,,,
fee77bc5-5467-4f65-9d93-3a868c8aa1d0,arboreal.consulting,available,8.48,67.98,high,low,8,namecheap,,,06/08/2026 13:18
4111d689-282e-4868-b6fc-101f254ff3b1,affidavit.consulting,available,26.99,,high,low,9,name.com,,,
6d0eb88e-b339-465f-b592-33c3a94d3f90,revered.consulting,available,26.99,,high,low,7,name.com,,,
7643742e-bdbc-4974-b842-fc96ed1bc37b,soppy.consulting,available,8.48,67.98,medium,low,5,namecheap,,,09/08/2026 01:14
ceed901b-293a-4154-a11f-e040adcd9313,jay.consulting,available,26.99,,high,low,3,name.com,,,
509c8bff-fbe2-4c3c-b583-7530f5ae2cb9,chairwoman.consulting,available,26.99,,high,low,10,name.com,,,
15328fa4-7767-4c1b-a891-4115cd40d35c,verb.consulting,available,26.99,,high,low,4,name.com,,,
393d0153-986a-41be-8d3f-39f47806db12,redo.consulting,available,26.99,,high,low,4,name.com,,,
e6212e44-aa92-4fb8-8abe-d45e3407f91e,derriere.consulting,available,8.48,67.98,low,low,8,namecheap,,,09/08/2026 11:55
74c4f95d-c3fe-4099-a887-e62ccc30a4b3,baffled.consulting,available,8.48,67.98,medium,low,7,namecheap,,,07/08/2026 11:36
7185c5c4-2800-403a-bf72-8b1bd543d6ad,barbaric.consulting,available,8.48,67.98,medium,low,8,namecheap,,,08/08/2026 15:31
14e255c1-87c1-43f2-820e-ca0d8e5bd509,enable.consulting,available,26.99,,high,low,6,name.com,,,
315f4cfe-627c-46ce-8240-48bffbc7b07d,distinction.consulting,available,26.99,,high,low,11,name.com,,,
5c8c8692-3f50-4abf-8f92-5694079657af,superbly.consulting,available,26.99,,high,low,8,name.com,,,
405823bd-ae04-428f-ab98-50ad79caada3,although.consulting,available,26.99,,medium,low,8,name.com,,,
8c852c03-f231-4682-95f7-4d335828822d,student.consulting,premium,128.7,128.7,high,low,7,namecheap,,,
7dc9d58a-f8d4-4a5e-bce6-57352106e884,deflation.consulting,available,26.99,,high,low,9,name.com,,,
6b367bb8-1eee-4e2d-b286-5a107840fb2d,altruist.consulting,available,26.99,,high,low,8,name.com,,,
f041ae2c-00f0-48db-9664-a9b5241ef89c,inundated.consulting,available,8.48,67.98,medium,low,9,namecheap,,,08/08/2026 00:29
236ddaad-0ee5-4ae4-b818-1574f76f401d,basis.consulting,available,26.99,,high,low,5,name.com,,,
755aed53-47bb-45db-aa0f-ffdb785f1373,gymnastic.consulting,available,8.48,67.98,high,low,9,namecheap,,,
500e1dec-1b9f-4668-b741-cac95c4e4907,ale.consulting,premium,46.2,92.4,high,low,3,namecheap,,,
4847d5e3-cd43-4eda-88dd-3e740385907a,sexual.consulting,available,26.99,,high,low,6,name.com,,,
d4ca15b7-7fe9-4fa6-980a-8a185e591e0a,tectonic.consulting,available,8.48,67.98,high,low,8,namecheap,,,06/08/2026 15:47
b5fe4485-2394-491b-8408-78164183b601,pale.consulting,available,26.99,,high,low,4,name.com,,,
3a10859b-7451-453e-8b77-579181e9068c,intensive.consulting,available,26.99,,high,low,9,name.com,,,
aa41e8e6-cd4a-4af1-946d-e4a356042650,somewhat.consulting,available,26.99,,high,low,8,name.com,,,
ba03d961-1705-4098-8eee-4b4e9c0d1588,arty.consulting,available,8.48,67.98,high,low,4,namecheap,,,06/08/2026 23:51
03173312-5583-470f-8cd6-27084d444953,nature.consulting,resell,,,high,low,6,"Spaceship, Inc.",03/03/2023 15:15,03/03/2027 15:15,08/09/2026 02:43
6595da29-b610-4b19-aad6-ebb8cf875e74,adoptive.consulting,available,8.48,67.98,high,low,8,namecheap,,,
a879d421-949e-4ba0-a8d8-dbf79f2f9876,distribute.consulting,available,26.99,,high,low,10,name.com,,,
00e4143a-e0da-4c05-96d1-f38d9df4c6f3,island.consulting,resell,,,high,low,6,"Wild West Domains, LLC",23/07/2014 17:00,23/07/2027 17:00,19/09/2026 20:13
baab9b8d-cf49-4c1f-a80c-18e74e96f7c1,pressed.consulting,available,26.99,,high,low,7,name.com,,,
39379bcc-84a0-4b24-8fbe-5513ee032950,fanta.consulting,available,26.99,,high,low,5,name.com,,,
e6729729-bcd9-4f7b-8ad8-817d021f51c8,slighting.consulting,available,8.48,67.98,medium,low,9,namecheap,,,09/08/2026 13:15
64abe6cb-6d1b-4fd0-8cef-28f721ed81d0,abbatial.consulting,available,8.48,67.98,medium,low,8,namecheap,,,
6d6b9313-e3fc-4f3d-ab4a-3d921f641d50,dwelling.consulting,available,26.99,,high,low,8,name.com,,,
8016f9c6-e92c-4627-9e0f-2fa2111fe964,achaean.consulting,available,8.48,67.98,medium,low,7,namecheap,,,
8b3c0faf-f95c-4944-bcad-e7afe9060427,assamese.consulting,available,8.48,67.98,medium,low,8,namecheap,,,07/08/2026 05:38
26e4b67e-f062-4619-8552-3cea67ab4881,otic.consulting,available,8.48,67.98,medium,low,4,namecheap,,,07/08/2026 17:41
7d71e46c-f570-406e-88d2-fbdd17e2dc59,earmark.consulting,available,8.48,67.98,high,low,7,namecheap,,,06/08/2026 09:08
60250887-4b04-4c75-b589-ff87ab2812c7,foul.consulting,available,8.48,67.98,high,low,4,namecheap,,,
a30c35b9-8ecc-479a-a8c6-125048c54615,defense.consulting,premium,520,520,high,low,7,namecheap,,,
25d3e5fe-f777-4112-9299-c2709e677609,called.consulting,available,26.99,,high,low,6,name.com,,,
8318d4b8-74ab-4119-b0dc-a71e94a1c644,almost.consulting,available,26.99,,high,low,6,name.com,,,
447e2afe-0146-4e25-a676-89397bee2579,prohibited.consulting,available,8.48,67.98,medium,low,10,namecheap,,,08/08/2026 13:48
91c91e83-42eb-4bee-b166-8d6981573827,structures.consulting,available,,,medium,low,10,,,,
de721b66-f139-434b-8192-4f8a1898df28,sea.consulting,premium,23.1,46.2,high,low,3,namecheap,,,
d75a03b1-a26e-45a9-8462-a7a53a10415d,tortured.consulting,available,8.48,67.98,medium,low,8,namecheap,,,
06133eec-39c3-4bd1-8ba0-b85c02662615,debased.consulting,available,8.48,67.98,medium,low,7,namecheap,,,
b138cbec-5580-4a8b-97a1-020e4b05e65e,energy.consulting,available,,,high,low,6,,,,
c8813e33-5755-4912-872e-429cc96f6907,been.consulting,available,26.99,,medium,low,4,name.com,,,
14cc27c8-490f-48eb-a89c-0f5572f6c332,baneful.consulting,available,8.48,67.98,low,low,7,namecheap,,,08/08/2026 09:44
5685e29d-451c-44ee-97b2-8ecd7e4c5bec,fuel.consulting,premium,140,280,high,low,4,namecheap,,,
4ea4a184-4fca-4d1c-844c-7480dab1dcb3,mop.consulting,premium,46.2,92.4,high,low,3,namecheap,,,
a1da2fff-1198-4c77-99e8-cd86ed32f7ea,aboriginal.consulting,premium,64.35,128.7,high,low,10,namecheap,,,
fc016426-eea6-42c0-a874-e9364d54da92,peel.consulting,available,26.99,,high,low,4,name.com,,,
fc751ef3-86ae-46f1-8f58-74c4bb26f580,entirety.consulting,available,26.99,,high,low,8,name.com,,,
ab657aa4-7dc4-4702-9bc7-60dfb17de01a,labour.consulting,available,26.99,,high,low,6,name.com,,,
bec0abd6-c189-470b-9c93-3a46f8c2ec76,shove.consulting,available,26.99,,high,low,5,name.com,,,
ca9e2b6e-9d84-48d1-8fbf-a19abfc23826,aluminous.consulting,available,8.48,67.98,medium,low,9,namecheap,,,
b41829d8-1e96-4539-951f-a59f40696d07,aeriform.consulting,available,8.48,67.98,medium,low,8,namecheap,,,
ddc13d83-0a25-4c61-8262-d2319c9a1bb4,removal.consulting,available,26.99,,high,low,7,name.com,,,
7b763bfc-c66c-4894-8206-eaf115233b26,requirement.consulting,available,26.99,,high,low,11,name.com,,,
1ffd22dc-a717-4e50-81a1-e43f404f3e70,did.consulting,premium,46.2,92.4,high,low,3,namecheap,,,
73c30f3e-0f1d-4881-96df-64eadb851b11,mosquito.consulting,available,26.99,,medium,low,8,name.com,,,
afd1b4a2-63a0-470c-9f9d-bc9dc852ba7f,dominance.consulting,available,26.99,,high,low,9,name.com,,,
4b7a302b-b8f4-4a84-bca4-6a0baf0fdba0,tomato.consulting,available,26.99,,high,low,6,name.com,,,
b1389584-5957-4574-8ef7-e106696881e7,unexpected.consulting,available,26.99,,high,low,10,name.com,,,
a4d678e2-1a85-4a7b-a35d-cc34acf65a2c,replace.consulting,available,26.99,,high,low,7,name.com,,,
67978515-f7a0-4148-a079-b4d21056c4c7,stranded.consulting,available,26.99,,high,low,8,name.com,,,
47e4e41f-3113-469f-9e33-5a3c9a59defd,thrown.consulting,available,26.99,,medium,low,6,name.com,,,
8ddb5198-a109-4a8d-af2f-d9d8ba59081a,mothafucker.consulting,available,26.99,,medium,low,11,name.com,,,
351fbc40-3c7c-4535-af0d-001e3fe48f4a,anger.consulting,available,26.99,,high,low,5,name.com,,,
c79516a6-21b8-4ee3-981a-32238d60b9f8,freaking.consulting,available,26.99,,high,low,8,name.com,,,
f11ddd6e-7d2d-43be-9fc7-5cc61abc7ce0,rested.consulting,available,26.99,,high,low,6,name.com,,,
98df6f5b-b508-4904-b7fe-b248b2682ce0,lighten.consulting,available,26.99,,high,low,7,name.com,,,
268c1f43-1806-42f8-aa10-028d7cd4ff50,shoe.consulting,available,26.99,,high,low,4,name.com,,,
5dc55fa3-5e9c-46f6-98a6-4e94c2862f38,none.consulting,available,26.99,,high,low,4,name.com,,,
26bccbc9-021e-4e88-a362-f99500ef4d60,formless.consulting,available,8.48,67.98,high,low,8,namecheap,,,
fbc467e5-e699-4eca-824c-8497fcfc5d7a,mouthcare.consulting,available,26.99,,medium,low,9,name.com,,,
2d6e4b87-f69b-4820-90c7-a267a0d0eaa6,customize.consulting,available,26.99,,high,low,9,name.com,,,
2266277b-0d5f-47d9-a163-3d55590e8c24,accomplished.consulting,available,26.99,,high,low,12,name.com,,,
6333932f-c354-4d31-9a7a-4a9b974b1e5f,cheerfully.consulting,available,26.99,,high,low,10,name.com,,,
18b75a83-11cd-4e32-b379-c43a66a4b451,patriotic.consulting,available,26.99,,high,low,9,name.com,,,
ae9eec9b-db77-4da6-967b-67a9c5d8423c,artesian.consulting,available,8.48,67.98,high,low,8,namecheap,,,06/08/2026 22:39
953ed2bc-1bc5-457c-9e02-d2a94a067519,forget.consulting,available,26.99,,medium,low,6,name.com,,,
10000e6b-e0a0-4806-a26c-3535e5a8d003,quatern.consulting,available,8.48,67.98,medium,low,7,namecheap,,,
1fbb87d2-7070-4ccd-88a1-c92d3d5062f7,hokey.consulting,available,8.48,67.98,medium,low,5,namecheap,,,09/08/2026 00:37
8666d681-6647-4674-84bd-0100e42b97c0,mouthguard.consulting,available,26.99,,medium,low,11,name.com,,,
5bb722a5-ba71-4d2a-a294-e808911e1f94,month.consulting,available,26.99,,high,low,5,name.com,,,
d71ba05e-2bcb-4498-913d-2a80ac722885,agrarian.consulting,available,8.48,67.98,high,low,8,namecheap,,,
9ba4ceab-6fb2-4fea-8162-8375c3fc9018,tug.consulting,premium,46.2,92.4,high,low,3,namecheap,,,
75714313-31af-4beb-a321-562fc8bf0e6f,terror.consulting,available,26.99,,high,low,6,name.com,,,
80f04399-3f57-4e72-8d33-e668bdc6c96d,lowercase.consulting,available,26.99,,high,low,9,name.com,,,
f8d38eef-fb71-4efa-979f-6e80964221b0,leader.consulting,resell,,,high,low,6,"GoDaddy.com, LLC",20/06/2018 13:54,20/06/2026 13:54,
6adfd9bf-9c02-46eb-80d4-0bba5b5d7f05,fiery.consulting,available,8.48,67.98,high,low,5,namecheap,,,06/08/2026 16:24
cb88a14d-3e96-4014-a64a-0fa8479b521e,snicker.consulting,available,26.99,,high,low,7,name.com,,,
50f4ee48-af01-49dd-9a04-f2fd03346cb2,stockholm.consulting,premium,69.3,138.6,high,low,9,namecheap,,,
e910763a-b05d-49a7-b5a8-fe1700f26637,stroke.consulting,available,26.99,,high,low,6,name.com,,,
91f2893c-b933-45fc-81f8-a6c7f4a1d82a,began.consulting,available,26.99,,medium,low,5,name.com,,,
692c108e-6538-4123-9b8a-d7f9a9ffb2bb,choose.consulting,available,26.99,,high,low,6,name.com,,,
e5520bcc-00c6-4757-ad05-902a0f3d77bb,alaskan.consulting,available,8.48,67.98,high,low,7,namecheap,,,
a98f7b9f-f243-44c6-a893-eccfaf5f2e98,wishful.consulting,available,8.48,67.98,medium,low,7,namecheap,,,07/08/2026 05:07
f266cf4d-3f3c-4ac7-81ef-4a805426d290,implausible.consulting,available,26.99,,medium,low,11,name.com,,,
bcd531b3-baf0-4134-8c1f-133ff3d0211b,sealed.consulting,available,26.99,,high,low,6,name.com,,,
d041969f-8dea-4d38-bcd3-98fe29a59ce2,assure.consulting,available,26.99,,high,low,6,name.com,,,
1f2a4ada-fcc7-4b26-946d-c9d14aac333b,instal.consulting,available,26.99,,high,low,6,name.com,,,
cd483263-24d4-45a2-b042-a5fd30116882,grammar.consulting,available,26.99,,high,low,7,name.com,,,
899da79e-5f57-461e-82de-a85a951d0827,condiment.consulting,available,26.99,,high,low,9,name.com,,,
9438cf7c-fa5d-4af0-b3b0-e20a09e2266e,marble.consulting,available,26.99,,high,low,6,name.com,,,
bf6ea052-7066-4115-ad02-0aead2c2464c,bearable.consulting,available,8.48,67.98,medium,low,8,namecheap,,,09/08/2026 04:27
4051fa45-c059-4c11-a1e3-dcd235a8b6b7,philip.consulting,available,26.99,,high,low,6,name.com,,,
a7cbedf7-6f34-4055-8a71-315396b85e8a,impromptu.consulting,available,8.48,67.98,high,low,9,namecheap,,,
0d679c5c-fee1-4dd4-92b7-dd9cb5091a6b,lvi.consulting,premium,42.9,85.8,high,low,3,namecheap,,,
1e34a22f-c689-4572-8934-d3ebace6240f,panes.consulting,available,26.99,,medium,low,5,name.com,,,
51664281-b931-45d5-bace-bf7ee1f66988,diagonal.consulting,available,8.48,67.98,medium,low,8,namecheap,,,07/08/2026 04:07
51b85582-2d92-468b-8d17-03ce7dd21d6b,apical.consulting,available,8.48,67.98,high,low,6,namecheap,,,05/08/2026 23:58
2e66649e-978f-4ffe-a646-eac3d782b33c,quantity.consulting,available,26.99,,high,low,8,name.com,,,
ed34744d-9f42-4e89-92e4-afa3ae744d0b,irons.consulting,available,26.99,,high,low,5,name.com,,,
4a87f201-d497-422b-a9fd-2d40faf6742b,angered.consulting,available,8.48,67.98,high,low,7,namecheap,,,
1a60ab94-c1f4-4dec-bf2a-740aa71f5a73,flaring.consulting,available,8.48,67.98,high,low,7,namecheap,,,
b6d1f34b-bd22-43a6-a8b6-4def8e442644,sounding.consulting,available,26.99,,high,low,8,name.com,,,
f820fca7-ec1d-4ac6-b45d-9ebe3d8f7ead,girl.consulting,available,26.99,,high,low,4,name.com,,,
d4f98a6d-385c-4a79-98de-457f4338a05b,concoct.consulting,available,26.99,,high,low,7,name.com,,,
0b88e0af-90be-4e4f-98ce-643c621236e4,ambrosian.consulting,available,8.48,67.98,high,low,9,namecheap,,,
75693d31-b829-48a5-801d-d7fb006a71ec,baltic.consulting,available,8.48,67.98,high,low,6,namecheap,,,08/08/2026 10:41
edf558eb-f441-4d44-924d-67df3f1821e8,noticed.consulting,available,26.99,,high,low,7,name.com,,,
76905378-f70e-449e-a08e-9d19b3c429a3,identified.consulting,available,26.99,,high,low,10,name.com,,,
38a078d4-525b-487e-af1d-87ca64799cba,jelly.consulting,available,26.99,,high,low,5,name.com,,,
56a83c59-ebe1-41f2-85e5-34e226ccdb99,unused.consulting,available,26.99,,medium,low,6,name.com,,,
ed7d2ae6-ebdb-461c-afac-8f91ee612006,obtained.consulting,available,26.99,,medium,low,8,name.com,,,
9cf3f02d-42bc-482c-98fe-2296260c16e4,synchronise.consulting,available,26.99,,high,low,11,name.com,,,
f72aef6f-b854-406c-8e6a-f0fe284baaf8,waterless.consulting,available,8.48,67.98,medium,low,9,namecheap,,,06/08/2026 19:03
66af85ce-91da-44cf-813b-b54e9dd5e92e,referable.consulting,available,8.48,67.98,medium,low,9,namecheap,,,07/08/2026 01:28
56992200-79c4-4e2c-8214-e4094e87744d,implied.consulting,available,26.99,,high,low,7,name.com,,,
2d02599d-6bb2-4203-95f6-6609058d8256,coast.consulting,premium,140,280,high,low,5,namecheap,,,
07b2035f-0262-4983-86aa-3fa9cac32166,courtroom.consulting,available,26.99,,high,low,9,name.com,,,
324293a8-ede6-415c-a9af-9a19af92fa8e,duchess.consulting,available,26.99,,high,low,7,name.com,,,
ff3f2b4b-76bf-4716-bdc1-8683e1315a06,wonderfully.consulting,available,26.99,,high,low,11,name.com,,,
d685d047-c2a3-4591-87ab-b7ed790af004,seemly.consulting,available,8.48,67.98,medium,low,6,namecheap,,,09/08/2026 06:27
a3357fc3-5acb-45b2-89b6-e8df4085e444,alky.consulting,available,8.48,67.98,medium,low,4,namecheap,,,
868b9970-c272-4534-ba97-11c7193b4af3,anatropous.consulting,available,8.48,67.98,medium,low,10,namecheap,,,
4f148a94-4099-4f54-bb52-d7e5bf9066cc,apnoeic.consulting,available,8.48,67.98,medium,low,7,namecheap,,,06/08/2026 00:46
d27ec109-916b-40de-8839-a8b1d03c9702,commenting.consulting,available,26.99,,high,low,10,name.com,,,
ee3cf0f9-d1e5-42d0-b71f-76e59fc0775d,lip.consulting,premium,69.3,138.6,high,low,3,namecheap,,,
4e5314fb-ee97-4ff2-a4ac-be0df44b9266,overdue.consulting,available,26.99,,high,low,7,name.com,,,
3b467138-a496-4c7d-994c-bc4d8040cba8,painted.consulting,available,26.99,,high,low,7,name.com,,,
4f0a54b0-1893-42fb-8bff-a03532bec126,maid.consulting,available,26.99,,high,low,4,name.com,,,
55a74f5f-984e-4f9f-bd69-8d6a3f114aae,label.consulting,available,26.99,,high,low,5,name.com,,,
ec34aa81-c492-4d94-a4c5-80c9c79d3780,detroit.consulting,premium,69.3,138.6,high,low,7,namecheap,,,
33a7221d-ea80-4083-86f4-34806a2da368,recommendation.consulting,available,26.99,,high,low,14,name.com,,,
1edbd714-9b6d-426b-a040-052754aba752,sugar.consulting,resell,,,high,low,5,"Sav.com, LLC",17/12/2025 17:01,17/12/2026 17:01,
6a4e3a33-fe40-481f-b143-7cc2da442dcb,harrowing.consulting,available,8.48,67.98,medium,low,9,namecheap,,,
cdfca0ee-c61b-401e-9a7f-866aec2846e7,asking.consulting,available,26.99,,high,low,6,name.com,,,
3dd32bbf-1df8-4555-8ca9-2e4f825685af,remain.consulting,available,26.99,,high,low,6,name.com,,,
819d6601-1b9d-48f9-812b-effe49650cbb,xxviii.consulting,available,8.48,67.98,medium,low,6,namecheap,,,
04d14919-e3cc-4d54-a11b-806774a140e8,analogy.consulting,available,26.99,,high,low,7,name.com,,,
9ee805ae-dabe-4ac3-931c-54fbab3ed4ae,ahorse.consulting,available,8.48,67.98,low,low,6,namecheap,,,
baeabb25-fde0-43c8-8dce-fbda08e245b0,seriously.consulting,available,26.99,,high,low,9,name.com,,,
d24a230e-44f2-47a4-80b7-353397b58aed,marihuana.consulting,available,26.99,,high,low,9,name.com,,,
5c6e7d83-8960-4ff7-b0c0-8726ee1072f7,pinch.consulting,available,26.99,,high,low,5,name.com,,,
0c021d70-2bcb-4feb-b17c-e1b31d820615,asshole.consulting,available,8.48,67.98,medium,low,7,namecheap,,,08/08/2026 23:24
34d7cc90-8966-4638-8e98-1115a652ea33,touching.consulting,available,8.48,67.98,high,low,8,namecheap,,,
e27880de-9236-47e0-9136-64647cbee0a6,abominable.consulting,available,8.48,67.98,medium,low,10,namecheap,,,
20ed09b3-2695-437e-ac3d-fd22c0bf6a14,hardly.consulting,available,26.99,,high,low,6,name.com,,,
1c0429fd-e92f-4e54-a8df-920adc9a185d,measurement.consulting,available,26.99,,high,low,11,name.com,,,
80274e09-cc54-4f40-a588-162c6fd3be3b,uber.consulting,available,,,high,low,4,,,,
9d843b52-b1dd-4d7a-a76e-6cdcc30fdd0c,regret.consulting,available,26.99,,high,low,6,name.com,,,
57cce8a3-dd52-40d8-80d2-6cd0395dbe3f,blistering.consulting,available,8.48,67.98,high,low,10,namecheap,,,
bb1fd4b5-bb4b-4705-a153-90f62f5d7fb1,adam.consulting,available,,,high,low,4,,,,
6b11d2bd-a2c8-4baa-a783-855756854b81,granting.consulting,available,26.99,,high,low,8,name.com,,,
39adcec9-a6f1-4305-b24d-e798eaa8bc8b,ricefield.consulting,available,26.99,,high,low,10,name.com,,,
2d6d6390-6812-46e5-8db3-7f9d050ff797,discard.consulting,available,26.99,,high,low,7,name.com,,,
9b535f4f-2472-4374-8bbf-8191f79c7fcc,apophatic.consulting,available,8.48,67.98,medium,low,9,namecheap,,,06/08/2026 02:27
fbd3d485-4aca-4206-b18d-80877482b2fd,consultive.consulting,available,8.48,67.98,high,low,10,namecheap,,,
b2cb5953-1402-4861-9f97-f4d07758a9b4,modish.consulting,available,8.48,67.98,high,low,6,namecheap,,,
7f8d1b06-08b7-4c9f-9872-797a49ca04a4,polythene.consulting,available,26.99,,medium,low,9,name.com,,,
739234ce-f9a5-44c1-b69f-ae910b7fb992,acceptive.consulting,available,8.48,67.98,medium,low,9,namecheap,,,
89bb650f-623c-448b-8a92-399f8367bd53,pacific.consulting,premium,140,280,high,low,7,namecheap,,,
0c87317d-25a2-4b1a-8f77-a08d1b7f946b,light.consulting,resell,,,high,low,5,"Spaceship, Inc.",26/11/2021 13:15,26/11/2026 13:15,
c6ee98fe-477b-4659-8822-b8c2b8a2fd61,eddie.consulting,available,26.99,,high,low,5,name.com,,,
8278ddc8-dd09-49e3-9884-a5ff26ab3095,skype.consulting,available,,,high,low,5,,,,
6109a0ac-5c74-4bb1-af27-76d008cc87c0,outing.consulting,available,26.99,,high,low,6,name.com,,,
1a424791-8ef8-480a-9ce5-999386a8b38a,eating.consulting,available,8.48,67.98,high,low,6,namecheap,,,08/09/2026 13:35
1b47dd1e-b110-467e-be98-2efebec298f4,adidas.consulting,available,26.99,,high,low,6,name.com,,,
ebc09e38-b688-4cde-b594-35e7f1b6f792,conduction.consulting,available,26.99,,high,low,10,name.com,,,
9d49147a-d9e5-44a2-b284-9cdc8a570170,bae.consulting,available,26.99,,high,low,3,name.com,,,
d23fe56e-cbaa-4b62-b3bb-577f5f705c67,omniscient.consulting,available,,,high,low,10,,,,
405e7ac9-4f3b-4e2f-a8a8-d8b982eb0fe4,songbird.consulting,available,26.99,,high,low,8,name.com,,,
974e25e8-da48-4d91-ac86-5f93da53c9ae,penis.consulting,available,26.99,,high,low,5,name.com,,,
e98de6bc-1be5-4109-adf5-dee5e7b6fb31,sony.consulting,available,,,high,low,4,,,,
7f87528e-3f93-4b2b-ab9c-a339d638cee9,kleenex.consulting,available,26.99,,high,low,7,name.com,,,
8d939282-4188-47eb-a881-1241fd3c86e6,awakening.consulting,available,26.99,,high,low,9,name.com,,,
6fa1cadb-3de0-4c11-bd6b-61bf404ea9ab,techno.consulting,resell,,,high,low,6,"Spaceship, Inc.",27/09/2023 15:15,27/09/2026 15:15,
2a482657-9120-4cca-9fb7-522b159c463a,amongst.consulting,available,26.99,,medium,low,7,name.com,,,
69639798-e364-40f5-aa26-038216e8cebb,swastika.consulting,available,26.99,,medium,low,8,name.com,,,
614a85d5-ae64-4129-ba40-e4047184ddbc,lyric.consulting,available,26.99,,high,low,5,name.com,,,
dc73a004-da0a-4d0c-9439-d16dd8e579fc,anomic.consulting,available,8.48,67.98,medium,low,6,namecheap,,,
80c5c9af-b0c6-4ab3-95f1-c96eedb57edd,riding.consulting,available,26.99,,high,low,6,name.com,,,
39e9c600-b2f0-4d6e-bb71-2019685d791c,actinon.consulting,available,8.48,67.98,medium,low,7,namecheap,,,
db8b429f-9a34-4c97-86d3-906b3d022e43,ameboid.consulting,available,8.48,67.98,medium,low,7,namecheap,,,
d9c883ca-679b-43ba-a0a5-9a36a606aa8d,group.consulting,premium,520,520,high,low,5,namecheap,,,
3ea20fd0-6113-4dd8-9210-c4d0255a104b,kept.consulting,available,26.99,,high,low,4,name.com,,,
6e5769f0-98cf-4810-92ef-bb5ba3c6624d,budget.consulting,premium,69.3,138.6,high,low,6,namecheap,,,
a4336407-78e9-477a-a5d0-df3857659484,campus.consulting,premium,140,280,high,low,6,namecheap,,,
e3ae33b0-b740-4155-a751-13a875eb7d2e,abrupt.consulting,available,8.48,67.98,high,low,6,namecheap,,,
b318dae4-0d66-4a5f-ae74-eb60050e25a9,sawtooth.consulting,available,26.99,,medium,low,9,name.com,,,
778841a5-47b5-4cf0-9f5c-545ffc554ae4,lobby.consulting,available,26.99,,high,low,5,name.com,,,
cfcd272a-999d-4d0d-8b82-57baea939691,hackneyed.consulting,available,8.48,67.98,medium,low,9,namecheap,,,08/08/2026 10:56
d6a0d0e4-27a2-4ac0-9848-ee1670777d73,consulting.consulting,available,,,high,low,10,,,,
dc3a061e-cfc3-4a0d-819d-c9818653f1a7,was.consulting,premium,69.3,138.6,medium,low,3,namecheap,,,
545c5811-ce48-4747-a103-1a2f03f03193,recondite.consulting,available,8.48,67.98,high,low,9,namecheap,,,
c79fe953-4cbd-42ee-8157-448439280e4b,pertinent.consulting,available,8.48,67.98,high,low,9,namecheap,,,06/08/2026 07:59
7513ea5c-8b71-4dde-87a1-a660d82f8218,alias.consulting,available,26.99,,high,low,5,name.com,,,
1fd3f365-432f-4d04-8074-ef41397723cc,shakespeare.consulting,available,26.99,,high,low,11,name.com,,,
aadc27ac-60c9-42f6-9cf6-a8dd427eef97,overhang.consulting,available,8.48,67.98,medium,low,8,namecheap,,,09/08/2026 08:28
8e4433e9-5180-460d-a731-e83060d97070,pompom.consulting,available,8.48,67.98,high,low,7,namecheap,,,
5fc80820-5afc-4dfa-8b25-84025c334f09,caught.consulting,available,26.99,,high,low,6,name.com,,,
289afbe5-d949-4925-be17-473a31bd7000,variable.consulting,available,26.99,,high,low,8,name.com,,,
f91580c6-70b0-45d0-8ed6-14576b0f7b25,lxxxiv.consulting,available,8.48,67.98,medium,low,6,namecheap,,,
838dadb7-e54d-45a5-aba4-cb13bf062bd4,irrelevant.consulting,available,26.99,,high,low,10,name.com,,,
c3df9736-2b90-4755-930a-c1c21f8e49c5,indate.consulting,available,26.99,,medium,low,7,name.com,,,
ba4cfa94-975d-4983-9079-fecc1b2311a3,acherontic.consulting,available,8.48,67.98,low,low,10,namecheap,,,
9ae47231-b867-4f24-96d6-a9defcbac0d9,nightmare.consulting,available,26.99,,high,low,9,name.com,,,
6331d0d7-5e95-421c-9d75-4c102448c470,glasses.consulting,available,26.99,,high,low,7,name.com,,,
f8b01876-463e-4906-8420-7a6a037cb9e1,animals.consulting,available,26.99,,high,low,7,name.com,,,
00ac2411-8463-48e0-a9ef-3cd182a1bfea,sandy.consulting,available,8.48,67.98,high,low,5,namecheap,,,06/08/2026 17:31
79dc704d-b4f0-4bbd-9a35-9515e2198e3f,everbody.consulting,available,26.99,,medium,low,8,name.com,,,
011e2d55-1d41-4e91-b14f-64eb91f0bf46,insolvent.consulting,available,8.48,67.98,medium,low,9,namecheap,,,08/08/2026 13:34
12e25855-1362-40e0-9ec6-b097e51a7919,fog.consulting,premium,69.3,138.6,high,low,3,namecheap,,,
67ef6823-3f98-423e-9471-3c203a52cc8f,abreast.consulting,available,8.48,67.98,high,low,7,namecheap,,,
615b57b5-0dda-44cc-8839-ec44f372e233,extremely.consulting,available,26.99,,high,low,9,name.com,,,
45303234-3cf5-4321-9f76-337d182e05dc,donut.consulting,available,26.99,,high,low,5,name.com,,,
5215ddbf-90cc-410a-bff5-827d0f47a97e,unbearable.consulting,available,26.99,,medium,low,10,name.com,,,
16b9d9c7-2187-469d-a118-355983fc0db8,threesome.consulting,available,8.48,67.98,high,low,9,namecheap,,,
eae62251-40b2-48de-bc88-2c105f27c0be,premium.consulting,premium,700,1400,high,low,7,namecheap,,,
d7969027-7922-4dff-8d13-24e26c431c02,search.consulting,premium,700,1400,high,medium,6,namecheap,,,
87ccf367-a3ac-4870-a954-a9876d45ca69,shush.consulting,available,26.99,,medium,low,5,name.com,,,
7b039bd4-b539-4572-8dea-2526d2385732,sausage.consulting,available,26.99,,high,low,7,name.com,,,
c599d3c8-54bf-4584-bede-a2563fdd8a5a,untrue.consulting,available,26.99,,medium,low,6,name.com,,,
bdc72166-70b7-46f5-81ee-c2a02e79b6e6,chanukkah.consulting,available,26.99,,medium,low,9,name.com,,,
97bdb77c-25a9-4e81-8126-f4e36e0d10da,migrate.consulting,available,26.99,,high,low,7,name.com,,,
92a75f21-73a1-45d1-afe8-a56acd108526,sneezing.consulting,available,26.99,,medium,low,8,name.com,,,
cd66cb75-f9f2-4f82-86a3-476ef2d432a6,annulate.consulting,available,8.48,67.98,high,low,8,namecheap,,,
627206ac-ea85-4031-aafc-afb40477ef6e,afterward.consulting,available,8.48,67.98,medium,low,9,namecheap,,,
27689c8e-22ff-441e-9a67-dc08514a9f2d,garlic.consulting,available,26.99,,high,low,6,name.com,,,
028bba8c-8afe-403d-8b88-76223c206a84,limit.consulting,available,26.99,,high,low,5,name.com,,,
7c8e7f32-a86f-4301-b5c3-fd631566674c,prolific.consulting,available,26.99,,high,low,8,name.com,,,
28059d67-446c-4e5f-9cbd-888d3b5b0205,irregular.consulting,available,26.99,,high,low,9,name.com,,,
73cb2b88-af01-48bb-8ccf-0ae1ac6e55a4,trounce.consulting,available,8.48,67.98,medium,low,7,namecheap,,,09/08/2026 05:27
ceaeeb82-78b3-464b-a37c-ca8bdb32c46a,tax.consulting,premium,700,1400,high,medium,3,namecheap,,,
51502294-bc00-4155-9f3e-52c61059b0ae,poolside.consulting,available,26.99,,high,low,8,name.com,,,
9c175243-4c22-4184-9ccd-2959ba80398d,malaria.consulting,available,26.99,,high,low,7,name.com,,,
3d765ed2-4a61-449e-86a8-06e8fcd7e6ae,campaigner.consulting,available,26.99,,high,low,10,name.com,,,
cec0ced7-cf8a-459e-8090-5fe2b8c8980b,vanity.consulting,available,26.99,,high,low,6,name.com,,,
c7203d65-6d6f-4a7e-81f1-82e968e37dd4,consist.consulting,available,26.99,,high,low,7,name.com,,,
6e1293cb-b00a-43e8-a4d8-ec3c97577680,moneyed.consulting,available,8.48,67.98,high,low,7,namecheap,,,
0a9ae334-0e11-498e-9448-b0966bfba5e9,verify.consulting,available,,,high,low,6,,,,
5767d50b-798a-41b6-9fa3-fde906baa107,quilting.consulting,available,26.99,,high,low,8,name.com,,,
b5cc089f-52e9-43aa-9474-dcf6b876a4cb,april.consulting,available,,,high,low,5,,,,
a06645fc-aad2-4ff4-be07-455e6d155cb7,anile.consulting,available,8.48,67.98,medium,low,5,namecheap,,,
99a1b2ad-c9e8-4f82-abea-c67da2829614,palliative.consulting,available,8.48,67.98,high,low,10,namecheap,,,
5334bf08-67f0-405c-a82a-4bf8ef502c49,melt.consulting,available,26.99,,high,low,4,name.com,,,
24cde61e-809d-4534-b84d-6a5e8ad12b41,scarface.consulting,available,26.99,,high,low,8,name.com,,,
c682c427-d5d2-4353-8fe7-aab9c1b57eed,marco.consulting,available,26.99,,high,low,5,name.com,,,
3ba0c074-6f1c-4b32-8380-a4c8d190db24,whiten.consulting,available,26.99,,high,low,6,name.com,,,
933a22e5-568f-4531-8dff-85afeea2e423,clinic.consulting,premium,140,280,high,low,6,namecheap,,,
38c31577-92a4-4801-8023-cf0aa43ac8af,fold.consulting,available,26.99,,high,low,4,name.com,,,
d2d1c0c9-3c5e-45d2-b2a8-30bf326f5b18,ninth.consulting,available,8.48,67.98,high,low,5,namecheap,,,
0d4a8aed-7480-49b2-b7f4-186b61d9ee7b,atop.consulting,available,26.99,,high,low,4,name.com,,,
54108e43-e67d-4d22-be04-db77168ad75c,sweatshirt.consulting,available,26.99,,high,low,10,name.com,,,
b31e3990-365f-4399-93d8-c8b880076d98,germicide.consulting,available,8.48,67.98,high,low,9,namecheap,,,
549caccf-74f8-41ff-bf99-c5f0253a038a,barbeque.consulting,available,26.99,,high,low,8,name.com,,,
3bd37442-4f9c-47d0-8660-d87656a9971d,pentium.consulting,available,26.99,,high,low,7,name.com,,,
aed2e628-d95c-4693-900f-d9ef8e0ec20b,ague.consulting,available,8.48,67.98,medium,low,4,namecheap,,,
3e303bb3-af1b-498b-9b69-cf7e42ed2346,xcii.consulting,available,8.48,67.98,medium,low,4,namecheap,,,
f9a4cc64-54ad-41e1-bbdf-45841b933bd7,internal.consulting,available,26.99,,high,low,8,name.com,,,
3563e6b5-0c6a-4776-af29-b796e6c38f78,size.consulting,available,26.99,,high,low,4,name.com,,,
784d027e-e22a-4e42-99cd-3a9eca9478ca,adrift.consulting,available,8.48,67.98,high,low,6,namecheap,,,
dc7d4e66-50ca-4e3a-823e-7aeca50af0f9,refreshed.consulting,available,26.99,,high,low,9,name.com,,,
2005450a-a262-4ff8-853f-139db96da63f,promoter.consulting,premium,46.2,92.4,high,low,8,namecheap,,,
0ac6d3ad-b799-4fd0-a48e-fd9117ce170a,buzzing.consulting,available,8.48,67.98,high,low,7,namecheap,,,
4eaf38a0-2c9e-4237-961e-dbf65c96ec8f,stricken.consulting,available,8.48,67.98,high,low,8,namecheap,,,
0e5050b0-947a-460d-b105-12d68fcaad36,wikileaks.consulting,available,26.99,,medium,low,9,name.com,,,
6014043c-e791-4331-8bfd-010bd3de768e,these.consulting,available,26.99,,medium,low,5,name.com,,,
e655cdcb-d6bb-43b7-b156-0a379484fb5b,boston.consulting,premium,700,1400,high,low,6,namecheap,,,
900af1ef-e517-4cf6-be6f-787496101f54,clap.consulting,available,26.99,,high,low,4,name.com,,,
20526eea-d381-497a-bf21-fb0224deacbb,bundle.consulting,available,26.99,,high,low,6,name.com,,,
e540c9f9-3a1f-443d-947a-80e2ffd8c25a,whoever.consulting,available,26.99,,medium,low,7,name.com,,,
83958ee3-fdd9-496f-bec3-1791d446bd4f,handle.consulting,available,8.48,67.98,high,low,6,namecheap,,,08/09/2026 13:26
8ec2fd6f-2e6a-4937-b86a-5b0e8f275a22,souse.consulting,available,8.48,67.98,medium,low,5,namecheap,,,
021a8b75-87dc-402b-8e07-7d6a50c8fca7,bra.consulting,available,26.99,,high,low,3,name.com,,,
a878c2c2-2fd6-449c-8f9b-75ea9244eeb2,previously.consulting,available,26.99,,high,low,10,name.com,,,
2da6e61a-4385-4e89-9af0-70e24940b199,apropos.consulting,resell,,,high,low,7,"GoDaddy.com, LLC",23/07/2014 17:00,23/07/2027 17:00,06/08/2026 10:00
ef87c9ec-ef2a-4c00-bcfa-99bd8e8854ed,infrared.consulting,available,8.48,67.98,high,low,9,namecheap,,,04/09/2026 07:52
26928d6d-166d-4343-87c3-7ab3000d635f,unnatural.consulting,available,8.48,67.98,high,low,9,namecheap,,,
3d9fbad1-4d3f-4820-aa23-71b1ec9e9022,albescent.consulting,available,8.48,67.98,medium,low,9,namecheap,,,
f91bcea9-b1dd-43de-976a-e0bc2fa2a09f,secured.consulting,available,26.99,,high,low,7,name.com,,,
80f4b6bf-0696-49df-b355-f2da00cbfd31,husband.consulting,available,26.99,,high,low,7,name.com,,,
498d99fe-034f-4089-9f27-f9576d403654,backless.consulting,available,8.48,67.98,medium,low,8,namecheap,,,08/08/2026 05:48
33753bdc-326a-4d75-b423-78fb38d207d2,militant.consulting,available,8.48,67.98,high,low,8,namecheap,,,
308e1c1a-7f32-4965-824d-c750ad54e39c,coalesced.consulting,available,8.48,67.98,medium,low,9,namecheap,,,
2dd118ca-60b0-4ed6-9767-7ba54a41830f,makeover.consulting,available,26.99,,high,low,9,name.com,,,
c303015c-31cc-42ff-983b-c239b5018ac7,using.consulting,available,26.99,,high,low,5,name.com,,,
d4fd34a5-47a7-4ffe-b028-9db0244dbf84,publicity.consulting,available,26.99,,high,low,9,name.com,,,
72447bdf-477e-4bf6-b20c-b0a182899327,pleasing.consulting,available,26.99,,high,low,8,name.com,,,
94cfe897-4372-459f-bf18-784e3d12aea6,sighted.consulting,available,26.99,,high,low,7,name.com,,,
9c81041f-74d1-4c86-ac52-9c91cc2386ed,aerobiotic.consulting,available,8.48,67.98,medium,low,10,namecheap,,,
bfd7f737-4f38-46f5-8661-ef28f2fab44f,stands.consulting,available,26.99,,medium,low,6,name.com,,,
922ff221-dc6e-4e4b-9a15-9e57d8e80a97,adjacent.consulting,available,8.48,67.98,high,low,8,namecheap,,,
0a6ed114-74dc-47fd-b10d-2f727eb12836,lapse.consulting,available,26.99,,high,low,5,name.com,,,
a67511ec-c2f2-4e62-86f1-e3b47ca7b635,cognizant.consulting,available,8.48,67.98,high,low,9,namecheap,,,08/08/2026 00:13
a66011de-3660-46fe-aa49-fcf007801f3a,rideshare.consulting,available,26.99,,high,low,9,name.com,,,
8aaa1983-304d-4179-9b51-2c2252ec19d9,complicated.consulting,available,26.99,,high,low,11,name.com,,,
a1cf4c46-aff6-4571-8184-3380885dcf50,sudden.consulting,available,26.99,,high,low,6,name.com,,,
16c41e76-a0c7-4b78-b025-867f5d5be39b,operated.consulting,available,26.99,,high,low,8,name.com,,,
b6333bf2-75de-4c52-9076-28fff7499362,solo.consulting,available,,,high,low,4,,,,
2abce65a-c337-4417-860f-8eee5c2f3258,industrialize.consulting,available,26.99,,medium,low,13,name.com,,,
bb6ef6af-80a8-4016-acff-b7c3acbe9685,violation.consulting,available,26.99,,high,low,9,name.com,,,
f7e9f038-759d-43a1-a986-425ff1927dbe,jody.consulting,available,26.99,,high,low,4,name.com,,,
2ad56e69-6e75-4bf2-8236-f16361f3d5c6,also.consulting,available,26.99,,high,low,4,name.com,,,
ac0a2d7f-14de-489e-8c38-8535f49bf177,dick.consulting,available,26.99,,high,low,4,name.com,,,
933f4b7e-11a1-45f9-9d34-c891224b8c02,physic.consulting,available,8.48,67.98,high,low,6,namecheap,,,05/08/2026 22:25
f71cafc8-dbd7-4e3b-bb9a-1f518d4df2ab,insist.consulting,available,26.99,,high,low,6,name.com,,,
c3789283-a280-4fb2-8983-062f2dae51bc,arable.consulting,available,8.48,67.98,medium,low,6,namecheap,,,06/08/2026 11:14
6e6b1dfd-f86b-4132-8a26-a58bcba37f6c,pretence.consulting,available,26.99,,high,low,8,name.com,,,
f2249e9d-f9bf-40d0-a2ad-7d5ee3f322d2,bleak.consulting,available,8.48,67.98,medium,low,5,namecheap,,,08/08/2026 21:02
f58eba8d-aedd-46eb-b62d-01ab65ab1dbe,disney.consulting,available,,,high,low,6,,,,
cc953625-69ab-474f-bdac-6a0094c39e11,pretzel.consulting,available,26.99,,high,low,7,name.com,,,
78bb8bf6-7d4c-47bd-b622-66e924cc3d7f,astronomic.consulting,available,8.48,67.98,medium,low,10,namecheap,,,07/08/2026 10:10
70efecd1-b861-4450-be0e-0c0328502be5,probable.consulting,available,26.99,,high,low,8,name.com,,,
2f569ebb-d8da-401c-a914-15f7fad63e34,idea.consulting,available,,,high,low,4,,,,
b7d39c33-1ac3-4a31-8ad4-3eacc3cfb193,moderately.consulting,available,26.99,,medium,low,10,name.com,,,
af1452d5-6e90-4c53-b680-3c301c23c002,bay.consulting,premium,64.35,128.7,high,low,3,namecheap,,,09/08/2026 02:26
db0dac09-6f6b-48d7-b05b-d404723a7927,gandhi.consulting,available,26.99,,high,low,6,name.com,,,
36709a5d-d484-4db5-8013-4c4e1f4c00f5,aggravated.consulting,available,8.48,67.98,high,low,10,namecheap,,,
6bd8a5c5-43d5-4294-939b-2146691dbcb5,parched.consulting,available,8.48,67.98,medium,low,7,namecheap,,,
6e50f80a-b704-49bc-9b10-035c90279b84,shaky.consulting,available,26.99,,high,low,5,name.com,,,
ed416f5d-33e6-4dff-b0c7-62a17cf3b495,occurrence.consulting,available,26.99,,high,low,10,name.com,,,
713f84b4-d2bd-4e9d-8163-80be2338a1ce,thank.consulting,available,26.99,,high,low,5,name.com,,,
788e884c-b4d9-4dbc-b6b4-2b3da30e159a,avon.consulting,available,26.99,,high,low,4,name.com,,,
0612a2f8-5c81-4088-9a15-48d3da7e0b9a,construction.consulting,premium,1300,1300,high,low,12,namecheap,,,
fdc5c45d-d4fc-477c-be0e-235a48e9b87c,departure.consulting,available,8.48,67.98,high,low,9,namecheap,,,08/09/2026 12:08
90cc318d-3dfe-4339-9bf1-b0dea6484c38,qualification.consulting,available,26.99,,high,low,13,name.com,,,
659ba441-f3a9-464a-a5e4-393af5ed460d,affective.consulting,available,8.48,67.98,high,low,9,namecheap,,,
8ee07434-64a7-492f-a821-cce635df9ca9,alabaster.consulting,available,8.48,67.98,high,low,9,namecheap,,,
91222bb0-f455-4ee6-8133-dee46adbb32b,trained.consulting,available,26.99,,high,low,7,name.com,,,
235b8fd7-2e34-4202-a32f-65632502e363,con.consulting,premium,69.3,138.6,high,low,3,namecheap,,,
c34d00fb-3370-49ff-88b3-09d39cd9dfe3,wired.consulting,available,26.99,,high,low,5,name.com,,,
f720794d-5f72-464f-b7ee-7c1d18b2ad8b,applied.consulting,premium,130,260,high,low,7,namecheap,,,06/08/2026 07:11
07bb44bc-316e-4ffe-90ea-523677642bbb,registered.consulting,available,26.99,,high,low,10,name.com,,,
09646245-6efc-4ad7-a66c-fb21f3e3e231,dye.consulting,available,26.99,,high,low,3,name.com,,,
2280ca0e-ed30-4f92-9e4a-144b849af3ed,hurt.consulting,available,26.99,,high,low,4,name.com,,,
f83373aa-856d-4cf5-9662-1ed70b6bc0a1,atavistic.consulting,available,8.48,67.98,low,low,9,namecheap,,,07/08/2026 12:55
a37e53c2-2d4b-45a6-ae91-8bf0df9c3023,abridged.consulting,available,,,high,low,8,,,,
b9fd5b8a-bd6c-48e6-a72a-98cb5d6b39b1,proved.consulting,available,26.99,,high,low,6,name.com,,,
7b8ed9e4-44ce-4322-873d-cedc29ba0ea5,soundlike.consulting,available,26.99,,low,low,10,name.com,,,
3a4dba8c-fff1-405c-823b-27bc55387ed4,replacement.consulting,available,26.99,,high,low,11,name.com,,,
e6c63380-2fed-42ed-955d-516cabdfb5e5,ultimately.consulting,available,26.99,,high,low,10,name.com,,,
305fa626-6570-40d9-9ac5-2fb9339b9932,smaller.consulting,available,26.99,,high,low,7,name.com,,,
e0e6bd0e-54be-4aff-8dce-23374c3b456e,aneroid.consulting,available,8.48,67.98,medium,low,7,namecheap,,,
49b1c63a-b7cc-4419-be11-51c4bf5cc090,hercules.consulting,available,26.99,,high,low,8,name.com,,,
e51ebf40-5560-4548-a7d6-38ef363fd98b,involved.consulting,available,26.99,,high,low,8,name.com,,,
8d0a787e-e8fb-48e7-aa68-a49b2963805e,iso.consulting,available,,,high,low,3,,,,
13c241c2-4d4f-4eba-9b38-09b602e87ae8,solvable.consulting,available,26.99,,high,low,8,name.com,,,
dde21982-61ef-4cdb-aac8-2706a18e0e4a,antipodal.consulting,available,8.48,67.98,medium,low,9,namecheap,,,
4ba6f6f7-1221-4736-b4dd-8ced5db49d1e,creating.consulting,available,26.99,,high,low,8,name.com,,,
0d96c2cc-a2cd-4807-a17a-05f0f5737dc5,arching.consulting,available,8.48,67.98,medium,low,7,namecheap,,,06/08/2026 14:39
47d9dc1e-fb70-465b-b2dd-91e215708c85,achromatic.consulting,available,8.48,67.98,medium,low,10,namecheap,,,
b28f05a3-72b1-42cb-8f17-779483934d5d,oppose.consulting,available,26.99,,high,low,6,name.com,,,
1f9a3164-702a-4ff7-87b4-1350e6f7b2e5,balls.consulting,available,26.99,,high,low,5,name.com,,,
8abb1bb6-28c8-46f0-8c97-2eef7167563b,theyre.consulting,available,26.99,,medium,low,6,name.com,,,
6e0f3106-0ca4-4d8c-b4f1-2edc3c31421a,lazuline.consulting,available,8.48,67.98,medium,low,8,namecheap,,,08/08/2026 03:18
6a89de57-cce0-42f9-a9ac-2708486dc038,several.consulting,available,26.99,,high,low,7,name.com,,,
835c28ac-3eb8-4b57-8812-5c3557a19b2e,proud.consulting,premium,26.99,,high,low,5,name.com,,,
6978fcfc-4f19-4fdd-a494-7d44c1886db0,slip.consulting,available,26.99,,high,low,4,name.com,,,
6c19ab42-cedc-481e-8201-8e0a50363ec3,saved.consulting,available,26.99,,high,low,5,name.com,,,
3bd72352-14fa-43ae-bbf3-22d738cea099,affecting.consulting,available,8.48,67.98,high,low,9,namecheap,,,
e096c648-6baf-4e45-b8f3-5a0218a64b85,viewer.consulting,available,26.99,,high,low,6,name.com,,,
fafcfdd1-a17f-4da3-b7ed-d7c7d0f9c91f,lxxx.consulting,available,8.48,67.98,medium,low,4,namecheap,,,
198d8844-dc68-4741-9786-071afc6b5c07,fashion.consulting,available,,,high,low,7,,,,
6783f1ae-d0db-402f-b647-145b72064e74,discount.consulting,available,,,high,low,8,,,,
d87e160a-60d5-4bc1-bfdb-aeab35e76dff,clock.consulting,available,26.99,,high,low,5,name.com,,,
c0f855c7-36dd-467b-a023-46752e4b1b2e,aciculate.consulting,available,8.48,67.98,medium,low,9,namecheap,,,
12e7b9ea-499f-43ff-a2ed-bf0b821756a5,attitude.consulting,available,26.99,,high,low,8,name.com,,,
31a374ad-9ed1-492a-9f7c-e9bdeb06106f,spend.consulting,available,26.99,,high,low,5,name.com,,,
871327df-c286-461a-bc71-fe0c27bafe1d,proclaiming.consulting,available,26.99,,high,low,11,name.com,,,
8e53b291-4860-46cf-bf50-807836dedd30,experimentally.consulting,available,26.99,,medium,low,14,name.com,,,
074376a8-aaba-4fcf-81da-bda2ecfac80d,factor.consulting,available,26.99,,high,low,6,name.com,,,
777a950b-840b-4271-8fb8-5e7aef907122,err.consulting,premium,46.2,92.4,high,low,3,namecheap,,,
b96dbf4e-08a0-4f98-bffc-3fea8517e400,rigid.consulting,available,26.99,,high,low,5,name.com,,,
96359b3c-9862-423e-b2d1-82929a9316d5,crocodile.consulting,available,26.99,,high,low,9,name.com,,,
2b9f22d1-dceb-41cf-8804-67c8e96de8ee,ripening.consulting,available,8.48,67.98,high,low,8,namecheap,,,
de7a946d-6918-4640-8a8a-af4dcf2335a1,phantasmal.consulting,available,8.48,67.98,medium,low,10,namecheap,,,06/08/2026 05:33
7e29a4ca-a06a-4abd-9e8d-7dc17e21c9d3,discerning.consulting,available,8.48,67.98,high,low,10,namecheap,,,06/08/2026 08:23
5bd73b3e-35a9-45b8-9ab5-24f815f287cb,playstation.consulting,available,,,high,low,11,,,,
2e800b69-885a-4615-9b7d-a2d91c702033,justification.consulting,available,26.99,,high,low,13,name.com,,,
748bdacc-f1ec-4888-b0ae-3d2961584857,bjp.consulting,premium,46.2,92.4,high,low,3,namecheap,,,
c6c2465a-81d2-40ff-a735-777e7f82d5d1,barreled.consulting,available,8.48,67.98,medium,low,8,namecheap,,,08/08/2026 20:46
cd3b2011-e9e8-4df9-8857-86e9a2cfa4ca,rushing.consulting,available,26.99,,high,low,7,name.com,,,
4bc7289b-ee34-4110-92f0-1c33b7324f01,anyone.consulting,available,26.99,,high,low,6,name.com,,,
3c964ff4-52fa-426f-90df-8caec09b1269,proceed.consulting,available,26.99,,high,low,7,name.com,,,
75239cdc-e7ba-4db1-81d9-063d0b6312a9,farm.consulting,premium,69.3,138.6,high,low,4,namecheap,,,
9d63cc5e-e5f9-4faa-98b2-e2e9f75591d8,cows.consulting,available,26.99,,high,low,4,name.com,,,
bd42f7c4-c6ad-49d8-9b7a-356b01d3fa9c,niece.consulting,available,26.99,,high,low,5,name.com,,,
0ec024a8-0549-4872-a56c-7e6064dfb319,navy.consulting,premium,69.3,138.6,high,low,4,namecheap,,,
d72175d9-933d-448b-8ca4-90e0678dd499,anguine.consulting,available,8.48,67.98,low,low,7,namecheap,,,
9d1accbb-bcd1-4927-908b-d577aa7883c4,presently.consulting,available,26.99,,high,low,9,name.com,,,
e7788cae-78f1-4148-91a1-6607584af64b,import.consulting,premium,280,560,high,low,6,namecheap,,,
43174a80-a391-4a4f-b77f-ebb35b773213,discredit.consulting,available,26.99,,high,low,9,name.com,,,
e428b2d6-45cb-40f6-941f-adaafd57c7a6,ape.consulting,premium,130,260,high,low,3,namecheap,,,
3d05c04b-a094-4c71-82ba-de3ad04fe003,annotated.consulting,available,26.99,,high,low,9,name.com,,,
f99ca2a0-2826-4058-b66a-35bd8ea4476c,peaceful.consulting,available,26.99,,high,low,8,name.com,,,
545bc723-fbcc-46e4-99ad-f423aa4260a7,witty.consulting,available,26.99,,high,low,5,name.com,,,
ebf9a63b-c6d0-44b7-a9eb-6d542a1d5808,fiction.consulting,available,26.99,,high,low,7,name.com,,,
9d4414a4-e340-452b-bc00-ef15a5b81339,xxx.consulting,premium,650,1300,high,medium,3,namecheap,,,
d1727586-81a5-437a-a66b-f9f55c4ee896,teeth.consulting,available,26.99,,high,low,5,name.com,,,
49f32091-bfb9-4507-8dd1-52647c3d1e26,departed.consulting,available,8.48,67.98,medium,low,8,namecheap,,,07/08/2026 11:31
a1d803bf-6df7-43af-9928-4cab72841805,regional.consulting,available,26.99,,high,low,8,name.com,,,
ef9f8bd2-673f-43c9-84c5-ad5f96793fb1,topic.consulting,available,26.99,,high,low,5,name.com,,,
6e2c8edf-0671-4458-b0cb-7499e3d24b5e,supposedly.consulting,available,26.99,,medium,low,10,name.com,,,
cdf11889-5136-4419-948e-de5d60e5e39e,slope.consulting,available,26.99,,high,low,5,name.com,,,
9dc54e69-0737-4426-b302-e12db520eb8c,convince.consulting,available,,,high,low,8,,,,
b48c4891-fd24-4d30-b91b-eda814b83b75,allopathic.consulting,available,8.48,67.98,medium,low,10,namecheap,,,
b7a78a41-835b-472f-9ed8-88578812ca02,compensate.consulting,available,26.99,,high,low,10,name.com,,,
c1324820-b0dc-419a-8887-6c3b293fb5c6,combatant.consulting,available,8.48,67.98,high,low,9,namecheap,,,09/08/2026 13:29
3f0e4825-ce66-476f-8a29-b738147e6bab,shout.consulting,available,26.99,,high,low,5,name.com,,,
e231f23c-d589-4d45-9e8f-86ede2f3ac98,backhand.consulting,available,8.48,67.98,high,low,8,namecheap,,,08/08/2026 05:43
7c04a445-1f65-4871-a83e-29fdad5d40ca,proficiency.consulting,available,26.99,,high,low,11,name.com,,,
a5e73662-d588-4d19-8d0f-cdf6e6c7a46f,abide.consulting,available,26.99,,high,low,5,name.com,,,
5068a089-4910-498e-b04f-0cecb32a2f67,normality.consulting,available,26.99,,high,low,9,name.com,,,
dcd0e606-6a19-4071-a818-90e2aaac4569,pronounced.consulting,available,26.99,,high,low,10,name.com,,,
3412ccc8-3d67-4486-a5ae-2c3c46e7a65c,mode.consulting,available,26.99,,high,low,4,name.com,,,
668eead3-544d-49af-9438-8f49dfa6e6d0,jeep.consulting,available,,,high,low,4,,,,
039d801f-d482-44f0-a26d-6297e1aaad1b,reflex.consulting,available,26.99,,high,low,6,name.com,,,
73dc0d60-6596-43c5-94c8-3830328697f3,affirmable.consulting,available,8.48,67.98,medium,low,10,namecheap,,,
febec42e-e7ae-4355-98bd-f1e32a461cce,maternal.consulting,available,26.99,,high,low,8,name.com,,,
af5c5549-2d2e-4eff-95da-ed0521021f55,plier.consulting,available,26.99,,high,low,5,name.com,,,
c778a9aa-1de8-4f65-8640-acdcc7694fe8,bead.consulting,available,26.99,,high,low,4,name.com,,,
13914460-cbd9-4b2a-bb77-643628946078,valued.consulting,available,26.99,,high,low,6,name.com,,,
31511e08-f5bf-4c9e-adee-1acd915dea54,sincerely.consulting,available,26.99,,high,low,9,name.com,,,
1c7bbfe7-2ce4-4c8a-b465-6b900d577874,shelf.consulting,available,26.99,,high,low,5,name.com,,,
172b189d-498c-49a4-9fd0-058eb696d0c5,atrophic.consulting,available,8.48,67.98,low,low,8,namecheap,,,07/08/2026 14:52
cad7c9fd-684e-4f8e-a20d-c70c20a77020,legislative.consulting,premium,46.2,92.4,high,low,11,namecheap,,,
11f44b11-5321-4b40-8daf-c170ed7a0cdb,antifungal.consulting,available,8.48,67.98,high,low,10,namecheap,,,
520b00c6-52c3-4be5-ae2a-4c8cc16e48d5,evaluate.consulting,available,26.99,,high,low,8,name.com,,,
f7e6f047-a0d3-4239-a874-f815dfc8a680,nominee.consulting,available,26.99,,high,low,7,name.com,,,
50788633-3e89-4b27-ab16-c8fc812b37ce,therefore.consulting,available,26.99,,high,low,9,name.com,,,
90aa5aa2-bff2-49a2-bb52-7f335befa934,largely.consulting,available,26.99,,medium,low,7,name.com,,,
0333d1b1-d432-4918-b807-817f41886230,azygous.consulting,available,8.48,67.98,medium,low,7,namecheap,,,08/08/2026 03:27
cc7914ae-792f-4c74-830e-5c593f305662,shakira.consulting,available,26.99,,high,low,7,name.com,,,
80757c5a-3f45-4651-8e2e-1ecd415a082b,annular.consulting,available,8.48,67.98,high,low,7,namecheap,,,
51e288a0-9720-41a3-8606-411efd80daa1,bahrain.consulting,available,,,high,low,7,,,,
e0cb5cd6-14e6-4799-a4f1-ac9132fa552d,experienced.consulting,premium,140,280,high,low,11,namecheap,,,
8abd4ca0-e715-43fb-a8f1-80cd2cfc5c0a,greedy.consulting,available,8.48,67.98,high,low,6,namecheap,,,07/08/2026 22:09
6167bd25-f1b6-4d44-9fab-badee07c1e62,abstruse.consulting,available,8.48,67.98,medium,low,8,namecheap,,,
728828ae-f436-40e9-b5ed-42d790f4c895,texas.consulting,premium,700,1400,high,medium,5,namecheap,,,
cd7daac0-c229-4833-bb8b-c54f3abe8c58,afoot.consulting,available,8.48,67.98,medium,low,5,namecheap,,,
5de0950f-5eb2-4692-8df6-4f27a380c9e5,deejay.consulting,available,26.99,,high,low,6,name.com,,,
0b436bf5-20ef-4fd8-a87d-5e881445d3ee,pat.consulting,premium,69.3,138.6,high,low,3,namecheap,,,
c66d0368-4f04-4d14-80d1-6e45f3b44585,diabetes.consulting,premium,140,280,high,low,8,namecheap,,,
ecebbcc0-7a13-49d8-9dd9-365c8b724a6c,stain.consulting,available,26.99,,high,low,5,name.com,,,
69971e13-77e0-4bcd-8b36-43565a97909a,cement.consulting,available,26.99,,high,low,6,name.com,,,
01bcec58-3e99-46c3-9d34-2f64d0505184,ariled.consulting,available,8.48,67.98,medium,low,6,namecheap,,,06/08/2026 19:09
cf91e142-8a8a-4ba7-990a-c1bcf824ac7b,acerose.consulting,available,8.48,67.98,medium,low,7,namecheap,,,
2ac49cf2-9bef-48cc-bac3-aafb32719f7d,iii.consulting,premium,64.35,128.7,high,low,3,namecheap,,,
ada749f0-6e3d-4a35-83d2-cb54c7b48a69,groundless.consulting,available,8.48,67.98,medium,low,10,namecheap,,,08/08/2026 21:49
00cd7209-2938-4e4b-93a2-a9d8b7620972,abashed.consulting,available,8.48,67.98,medium,low,7,namecheap,,,
8ab5c7c6-f39b-4ef7-995e-37d8ac019cfa,americas.consulting,available,26.99,,high,low,8,name.com,,,
d18ad9ae-4be2-4e25-95a2-102a5124d409,boo.consulting,available,26.99,,high,low,3,name.com,,,
bc0e37e0-6306-44b8-bda5-d7f673fcb54d,avionic.consulting,available,8.48,67.98,medium,low,7,namecheap,,,07/08/2026 23:35
9a71f5a9-b09a-4c10-9d04-77581b56aa86,wonky.consulting,available,8.48,67.98,medium,low,5,namecheap,,,07/08/2026 03:46
ab5f7c42-2d29-4205-872c-68c50a81ba5d,toilet.consulting,available,26.99,,high,low,6,name.com,,,
ec88ca91-9317-45ee-ba97-13f608c5635c,abdominous.consulting,available,8.48,67.98,medium,low,10,namecheap,,,
2d5eba3a-8307-4d64-a06c-9a31b1c6f40d,octet.consulting,available,8.48,67.98,high,low,5,namecheap,,,
a29cad1c-44bf-4145-9762-b662360643a3,athletics.consulting,premium,260,260,high,medium,9,namecheap,,,
4568a965-4245-40df-8c1b-b65ce7a316b0,pushing.consulting,available,26.99,,high,low,7,name.com,,,
ad7aa2e3-c0e8-4a6b-936d-08b950c16475,fifteenth.consulting,available,8.48,67.98,high,low,9,namecheap,,,
1fd526bd-a8de-4f25-b3e4-cef83c9c6dbe,arco.consulting,available,,,medium,low,4,,,,
4ace5292-cd5c-42eb-98c1-6972be5836bc,setting.consulting,available,26.99,,high,low,7,name.com,,,
f6929c19-71ae-435d-a8bc-13e3be39bc44,shocked.consulting,available,8.48,67.98,high,low,7,namecheap,,,
4d0cebd7-9d5b-4b59-ae7d-77c34d309f93,loaded.consulting,available,8.48,67.98,high,low,6,namecheap,,,
9bbb40e2-bca0-4768-9693-157de7345189,usual.consulting,available,26.99,,high,low,5,name.com,,,
3cdffd84-183c-42ae-bbaf-14b457ce0636,slight.consulting,available,26.99,,high,low,6,name.com,,,
c948c97c-f679-4961-bff8-6e0de621ff84,altissimo.consulting,available,8.48,67.98,medium,low,9,namecheap,,,
dfbbd7c6-e694-49be-a910-190eb4ef9141,lookup.consulting,available,26.99,,high,low,7,name.com,,,
0073deb7-c079-4f08-90e1-afdf7631eba4,enjoy.consulting,available,,,high,low,5,,,,
89df0eb8-c08a-4e55-93fa-2907e4defd66,sheraton.consulting,available,,,high,low,8,,,,
47439a7c-3c8c-4de9-b5f1-8dbc251a6b3d,attention.consulting,available,26.99,,high,low,9,name.com,,,
5fd8e3ef-a816-4a3e-9b7e-378de0115368,consequent.consulting,available,8.48,67.98,high,low,10,namecheap,,,
f1a849f6-3f1e-4fdc-8552-854aa750be6c,liii.consulting,available,8.48,67.98,medium,low,4,namecheap,,,
9335a742-2f59-4eae-b8b4-5d23af05d0df,radar.consulting,resell,,,high,low,5,"Spaceship, Inc.",29/03/2026 05:50,29/03/2027 05:50,
33b4c1f4-94e7-416c-9107-bccb858dff66,maxim.consulting,available,26.99,,high,low,5,name.com,,,
02e4d72b-3156-45e2-b9c4-7dbea89b3200,monthly.consulting,available,26.99,,high,low,7,name.com,,,
502da535-8067-43f2-9ea4-2d5590033b31,oatmeal.consulting,available,26.99,,high,low,7,name.com,,,
b4858c95-ea6b-494d-94cc-98bef4d0ca53,hill.consulting,resell,,,high,low,4,"Sav.com, LLC - 46",27/04/2025 15:15,27/04/2027 15:15,
995f76a9-6185-4201-96fb-e7cceb1fc442,subalpine.consulting,available,8.48,67.98,medium,low,9,namecheap,,,
5985bd58-e33d-4cb0-843d-889a4baee94f,portland.consulting,premium,69.3,138.6,high,low,8,namecheap,,,
3a32aa97-2110-4177-9dc8-7013907ff2e2,chore.consulting,available,26.99,,high,low,5,name.com,,,
9b86265c-c079-4bf5-838c-d933d5bc4164,press.consulting,premium,700,1400,high,low,5,namecheap,,,
abd860e1-e54d-446e-ad01-82ddc1b8e149,neverending.consulting,available,26.99,,high,low,12,name.com,,,
6e2cf1d4-a005-400a-8dcf-b17231d89f40,shrek.consulting,available,,,high,low,5,,,,
4415ccc8-3274-46c2-a347-b67d6f348b93,longest.consulting,available,26.99,,high,low,7,name.com,,,
e0399941-0466-41ae-a421-40c2ad19a4dc,abloom.consulting,available,8.48,67.98,medium,low,6,namecheap,,,
97f531d8-c9fb-43f4-abed-d8fb9a1ebd27,basal.consulting,available,8.48,67.98,medium,low,5,namecheap,,,08/08/2026 21:24
7db5ef49-0fcd-4861-a6d4-18f10c5cbb0b,football.consulting,premium,280,560,high,low,8,namecheap,,,
1694bc86-46b2-45a5-a1d8-727910e943ba,america.consulting,premium,140,280,high,low,7,namecheap,,,
cff36962-5645-4a6f-a8c8-7b5cadab92fd,bankrupt.consulting,available,8.48,67.98,high,low,8,namecheap,,,08/08/2026 13:29
8bb88e16-e5f2-4d8b-9734-ef897cebc415,appointed.consulting,available,8.48,67.98,high,low,9,namecheap,,,06/08/2026 07:21
6d2a8e16-28c0-4ac4-a01c-be163e8cf787,foursome.consulting,available,8.48,67.98,high,low,8,namecheap,,,
12ba0655-d17e-4c02-a99b-ee5bfcb2bd9e,fairs.consulting,available,26.99,,high,low,5,name.com,,,
cb1be646-eb6e-4d3c-ac20-c3d304bf5331,broadly.consulting,available,26.99,,high,low,7,name.com,,,
62f203e1-e17c-416a-abb9-675467073b3c,instead.consulting,available,26.99,,high,low,7,name.com,,,
61d4e3b7-d430-4d7e-8a5c-c505edeb9b01,temporary.consulting,available,26.99,,high,low,9,name.com,,,
17c36cfa-14bb-4f16-b0cb-d1314ea681b1,awry.consulting,available,8.48,67.98,medium,low,4,namecheap,,,
482e8af4-4fce-4292-affb-af4633cf7613,anaerobic.consulting,available,8.48,67.98,medium,low,9,namecheap,,,
9bb70fe2-0815-482f-ac9d-75944bc836fc,dishonour.consulting,available,26.99,,medium,low,9,name.com,,,
d2edcbf1-8e7c-4c03-aa58-c4197426cc24,afflicted.consulting,available,8.48,67.98,high,low,9,namecheap,,,
16c81f68-6ff8-47af-9adb-6ce3fbac9ae6,quarter.consulting,available,26.99,,high,low,7,name.com,,,
99913559-507b-4b8d-bd47-4f57ca961a89,aeonian.consulting,available,8.48,67.98,medium,low,7,namecheap,,,
987bcab1-95d6-4e6a-930f-2b5ba6dea9a3,fourth.consulting,available,8.48,67.98,high,low,6,namecheap,,,
408a9d1e-737d-4d34-81ad-79ed46ace95e,intense.consulting,available,26.99,,high,low,7,name.com,,,
81ef1e97-521d-4749-a604-a70c919207a1,trading.consulting,premium,280,560,high,low,7,namecheap,,,
fa757329-89db-4024-a14b-57530646887d,altered.consulting,available,8.48,67.98,high,low,7,namecheap,,,
bc1b1ceb-0c8b-437c-ab0d-6634b43be1a0,hit.consulting,premium,140,280,high,low,3,namecheap,,,
903ee996-4aa4-4eb0-9f5c-62d98661fdcd,bantam.consulting,available,8.48,67.98,high,low,6,namecheap,,,08/08/2026 14:01
739be7d1-6ebe-419f-ac4c-642a310b44b2,rang.consulting,available,26.99,,medium,low,4,name.com,,,
0346d692-c643-461f-bc0a-6c0bbf0e27aa,confused.consulting,available,8.48,67.98,high,low,8,namecheap,,,07/08/2026 12:02
a3c94cba-6e56-458e-b056-b6d500271b19,humorous.consulting,available,26.99,,high,low,8,name.com,,,
aff1ec3a-2a13-49fb-83d0-039197108252,untrustworthy.consulting,available,26.99,,medium,low,13,name.com,,,
04432893-2661-43d6-a397-0b4c5b499021,alpine.consulting,available,,,high,low,6,,,,
b65ac3c6-3fc2-4fbd-a263-bc39908c8191,pad.consulting,premium,46.2,92.4,high,low,3,namecheap,,,
3937e800-d72b-490a-b87c-59c8618f664e,respected.consulting,available,26.99,,high,low,9,name.com,,,
1b00fdfa-74b1-482e-8122-a6cf66314c48,acuate.consulting,available,8.48,67.98,medium,low,6,namecheap,,,
162c2562-ba60-4ad9-a4b5-024482662696,transparent.consulting,available,26.99,,high,low,11,name.com,,,
52a47878-7487-4d49-b722-520a3f27f389,adhesive.consulting,available,8.48,67.98,high,low,8,namecheap,,,
812207d9-37fd-4860-a876-6f48e2c292b8,corruption.consulting,available,26.99,,high,low,10,name.com,,,
a6caa74b-76bd-4bbb-ade5-7b8a09c87c0e,remover.consulting,available,26.99,,high,low,7,name.com,,,
6bae3933-b510-4c08-b3bf-982509b5f0d2,clash.consulting,available,26.99,,high,low,5,name.com,,,
2fc0ce8a-6711-45f2-925b-6777bc57c7a4,attraction.consulting,available,26.99,,high,low,10,name.com,,,
0ab3a166-3303-4d38-9a27-ce3008fdcfb9,lockbox.consulting,available,26.99,,high,low,7,name.com,,,
047d0daf-3a1b-40bf-9045-0724e910453a,twoscore.consulting,available,8.48,67.98,medium,low,8,namecheap,,,
f9e4f4dd-c513-4bd1-9914-cb42eafa7ff6,wholesome.consulting,available,26.99,,high,low,9,name.com,,,
511193d7-7763-4027-8709-0bf71d80355f,diligence.consulting,available,26.99,,high,low,9,name.com,,,
cd0610de-3da7-4e73-a49c-e52724728ef4,recumbent.consulting,available,8.48,67.98,medium,low,9,namecheap,,,
98e211e2-f624-429d-9d86-850245b448c3,luggage.consulting,available,26.99,,high,low,7,name.com,,,
b55aa7e2-70c3-4bd3-bb34-c00d582915e0,coolly.consulting,available,26.99,,medium,low,6,name.com,,,
ede94d5b-ecf2-488b-aecb-628d0860a347,aground.consulting,available,8.48,67.98,medium,low,7,namecheap,,,
3b481e11-376f-4c16-ac67-32b5907b4aee,export.consulting,premium,140,280,high,low,6,namecheap,,,
ad9f14d7-daa2-4139-8086-302d31427e3a,ear.consulting,premium,46.2,92.4,high,low,3,namecheap,,,
1ae9b3e7-e622-4f34-91f7-b13d266653d9,youth.consulting,available,26.99,,high,low,5,name.com,,,
33ab81e7-d5ca-472b-b7e8-c2118f97d21c,gaffer.consulting,available,8.48,67.98,high,low,6,namecheap,,,
f37bc736-1aa7-4acb-8c21-e0a1097ddd09,affixal.consulting,available,8.48,67.98,medium,low,7,namecheap,,,
8452c8ed-e915-4139-b989-9da7ccd45d57,safety.consulting,available,,,high,low,6,,,,
87f566d8-26af-43b2-8d0e-00a3721a127b,victorian.consulting,available,26.99,,high,low,9,name.com,,,
1982171e-637b-4451-836f-ea91cc5e871f,propose.consulting,available,26.99,,high,low,7,name.com,,,
eb5f6803-7dc6-4c8a-a0b2-2d5e7337a755,cinque.consulting,available,8.48,67.98,medium,low,6,namecheap,,,
e7200f2a-3df0-4c05-9fd6-594130b08ae8,ataxic.consulting,available,8.48,67.98,low,low,6,namecheap,,,07/08/2026 12:32
818cd3c3-9699-44e5-9555-6922660abc1f,froze.consulting,available,26.99,,low,low,5,name.com,,,
a8177059-2fd5-408b-a78c-f3a34b7ea0a5,recap.consulting,available,26.99,,high,low,5,name.com,,,
181b3023-7471-418a-b1dd-2221bdb29095,jock.consulting,available,26.99,,high,low,4,name.com,,,
70bb6f38-f9da-4129-9f37-a7c5f34c8753,toothcare.consulting,available,26.99,,medium,low,9,name.com,,,